caller_entry,caller_name,callee_entry,callee_name
"00016050","operator.new[]","0005000c","operator.new[]"
"000160c0","__throw_future_error","00050028","__throw_future_error"
"000160d0","strerror","0005002c","strerror"
"000160e0","memmove","00050030","memmove"
"00016140","memcpy","00050044","memcpy"
"00016150","pthread_cancel","00050048","pthread_cancel"
"000161a0","wait","0005005c","wait"
"000161f0","__throw_bad_alloc","00050064","__throw_bad_alloc"
"00016250","__throw_length_error","00050074","__throw_length_error"
"00016260","_Result_base","00050078","_Result_base"
"00016290","notify_one","00050080","notify_one"
"000162b0","terminate","00050084","terminate"
"00016300","nanosleep","00050090","nanosleep"
"00016370","operator.delete","000500a8","operator.delete"
"000163e0","pthread_once","000500b4","pthread_once"
"000163f0","_Unwind_Resume","000500b8","_Unwind_Resume"
"00016470","__cxa_throw_bad_array_new_length","000500d8","__cxa_throw_bad_array_new_length"
"00016490","__throw_bad_array_new_length","000500dc","__throw_bad_array_new_length"
"000164c0","__cxa_atexit","000500e4","__cxa_atexit"
"000164d0","_M_need_rehash","000500e8","_M_need_rehash"
"00016550","operator.delete[]","00050108","operator.delete[]"
"00016580","__assert_fail","00050114","__assert_fail"
"000165e0","_M_futex_notify_all","00050128","_M_futex_notify_all"
"00016650","detach","00050144","detach"
"00016690","pthread_mutex_lock","00050150","pthread_mutex_lock"
"000166e0","operator.new","00050160","operator.new"
"000166f0","__errno_location","00050164","__errno_location"
"00016700","atoi","0005016c","atoi"
"00016740","___tls_get_addr","00050178","___tls_get_addr"
"00016790","condition_variable","00050184","condition_variable"
"000167b0","logic_error","0005018c","logic_error"
"00016810","__throw_system_error","00050194","__throw_system_error"
"00016820","_M_start_thread","00050198","_M_start_thread"
"00016830","free","0005019c","free"
"00016848","FUN_00016848","000173d6","__i686.get_pc_thunk.bx"
"000168b4","_INIT_0","000164c0","__cxa_atexit"
"000168b4","_INIT_0","000166e0","operator.new"
"000168b4","_INIT_0","00016790","condition_variable"
"000168b4","_INIT_0","00016848","FUN_00016848"
"000168b4","_INIT_0","00019a5d","__i686.get_pc_thunk.si"
"00016bfe","_INIT_1","000173d6","__i686.get_pc_thunk.bx"
"00016c76","_INIT_2","000173d6","__i686.get_pc_thunk.bx"
"00016e71","_INIT_3","000173d6","__i686.get_pc_thunk.bx"
"0001706c","_INIT_4","000173d6","__i686.get_pc_thunk.bx"
"00017267","FUN_00017267","000173d6","__i686.get_pc_thunk.bx"
"000172e6","FUN_000172e6","000173d6","__i686.get_pc_thunk.bx"
"0001737a","FUN_0001737a","000173d6","__i686.get_pc_thunk.bx"
"000173da","FUN_000173da","000173d6","__i686.get_pc_thunk.bx"
"000174e8","FUN_000174e8","000173d6","__i686.get_pc_thunk.bx"
"00017542","FUN_00017542","000173d6","__i686.get_pc_thunk.bx"
"000175a9","FUN_000175a9","000173d6","__i686.get_pc_thunk.bx"
"0001762a","FUN_0001762a","000173d6","__i686.get_pc_thunk.bx"
"0001769e","FUN_0001769e","000173d6","__i686.get_pc_thunk.bx"
"0001771a","FUN_0001771a","000173d6","__i686.get_pc_thunk.bx"
"00017763","FUN_00017763","000173d6","__i686.get_pc_thunk.bx"
"000177be","FUN_000177be","000173d6","__i686.get_pc_thunk.bx"
"0001780f","FUN_0001780f","000173d6","__i686.get_pc_thunk.bx"
"0001786e","FUN_0001786e","000173d6","__i686.get_pc_thunk.bx"
"00017994","FUN_00017994","000173d6","__i686.get_pc_thunk.bx"
"000179d4","FUN_000179d4","000173d6","__i686.get_pc_thunk.bx"
"00017b05","FUN_00017b05","000173d6","__i686.get_pc_thunk.bx"
"00017b3a","FUN_00017b3a","000173d6","__i686.get_pc_thunk.bx"
"00017b70","FUN_00017b70","000173d6","__i686.get_pc_thunk.bx"
"00017cd8","FUN_00017cd8","000166e0","operator.new"
"00017cd8","FUN_00017cd8","00019a59","__i686.get_pc_thunk.ax"
"00017cd8","FUN_00017cd8","0003741a","FUN_0003741a"
"00017cd8","FUN_00017cd8","00037422","FUN_00037422"
"00017e08","FUN_00017e08","000173d6","__i686.get_pc_thunk.bx"
"00017e8a","FUN_00017e8a","000173d6","__i686.get_pc_thunk.bx"
"00017eb6","FUN_00017eb6","000173d6","__i686.get_pc_thunk.bx"
"00017ee6","FUN_00017ee6","000173d6","__i686.get_pc_thunk.bx"
"00017f12","FUN_00017f12","000173d6","__i686.get_pc_thunk.bx"
"00017f42","FUN_00017f42","000173d6","__i686.get_pc_thunk.bx"
"00017fa4","FUN_00017fa4","000173d6","__i686.get_pc_thunk.bx"
"0001804a","FUN_0001804a","000173d6","__i686.get_pc_thunk.bx"
"000180e8","FUN_000180e8","00019a5d","__i686.get_pc_thunk.si"
"000180e8","FUN_000180e8","0001e31d","FUN_0001e31d"
"000180e8","FUN_000180e8","0003738e","FUN_0003738e"
"000180e8","FUN_000180e8","0003745a","FUN_0003745a"
"000180e8","FUN_000180e8","00037562","FUN_00037562"
"000180e8","FUN_000180e8","00037ae4","FUN_00037ae4"
"000181ef","FUN_000181ef","000173d6","__i686.get_pc_thunk.bx"
"00018210","FUN_00018210","000173d6","__i686.get_pc_thunk.bx"
"0001825d","FUN_0001825d","000173d6","__i686.get_pc_thunk.bx"
"00018292","FUN_00018292","000173d6","__i686.get_pc_thunk.bx"
"00018345","FUN_00018345","000173d6","__i686.get_pc_thunk.bx"
"0001837a","FUN_0001837a","000173d6","__i686.get_pc_thunk.bx"
"00018469","FUN_00018469","000173d6","__i686.get_pc_thunk.bx"
"00018506","FUN_00018506","000173d6","__i686.get_pc_thunk.bx"
"0001855c","FUN_0001855c","000173d6","__i686.get_pc_thunk.bx"
"000185b2","FUN_000185b2","000173d6","__i686.get_pc_thunk.bx"
"00018664","FUN_00018664","00016170","_M_dispose"
"00018664","FUN_00018664","00016210","_S_copy"
"00018664","FUN_00018664","000185b2","FUN_000185b2"
"00018664","FUN_00018664","00019a5d","__i686.get_pc_thunk.si"
"0001911c","FUN_0001911c","000173d6","__i686.get_pc_thunk.bx"
"00019165","FUN_00019165","00016330","~thread"
"00019165","FUN_00019165","00016650","detach"
"00019165","FUN_00019165","000166e0","operator.new"
"00019165","FUN_00019165","00016710","~unique_ptr"
"00019165","FUN_00019165","00016820","_M_start_thread"
"00019165","FUN_00019165","00019a5d","__i686.get_pc_thunk.si"
"00019165","FUN_00019165","0001e31d","FUN_0001e31d"
"00019165","FUN_00019165","0003738e","FUN_0003738e"
"00019165","FUN_00019165","000373a8","FUN_000373a8"
"00019165","FUN_00019165","0003745a","FUN_0003745a"
"00019165","FUN_00019165","000374d0","FUN_000374d0"
"00019165","FUN_00019165","00037562","FUN_00037562"
"00019165","FUN_00019165","0003768a","FUN_0003768a"
"00019165","FUN_00019165","00037ae4","FUN_00037ae4"
"00019409","FUN_00019409","000161d0","operator[]"
"00019409","FUN_00019409","0001809e","FUN_0001809e"
"00019409","FUN_00019409","00019a59","__i686.get_pc_thunk.ax"
"00019409","FUN_00019409","0001e31d","FUN_0001e31d"
"00019409","FUN_00019409","00037344","FUN_00037344"
"00019409","FUN_00019409","00037364","FUN_00037364"
"00019409","FUN_00019409","0003738e","FUN_0003738e"
"00019409","FUN_00019409","000373d8","FUN_000373d8"
"00019409","FUN_00019409","0003745a","FUN_0003745a"
"00019409","FUN_00019409","00037562","FUN_00037562"
"00019409","FUN_00019409","00037ae4","FUN_00037ae4"
"00019702","~thread","000173d6","__i686.get_pc_thunk.bx"
"00019748","sleep_for<long_long,std::ratio<1ll,1000ll>>","000173d6","__i686.get_pc_thunk.bx"
"000197b2","_M_dispose","000173d6","__i686.get_pc_thunk.bx"
"00019818","_M_rehash","000161f0","__throw_bad_alloc"
"00019818","_M_rehash","00016370","operator.delete"
"00019818","_M_rehash","00016490","__throw_bad_array_new_length"
"00019818","_M_rehash","000166e0","operator.new"
"00019818","_M_rehash","00019a59","__i686.get_pc_thunk.ax"
"00019948","operator[]","00016400","_M_rehash"
"00019948","operator[]","000164d0","_M_need_rehash"
"00019948","operator[]","000166e0","operator.new"
"00019948","operator[]","0001809e","FUN_0001809e"
"00019948","operator[]","00019a59","__i686.get_pc_thunk.ax"
"00019a62","FUN_00019a62","000173d6","__i686.get_pc_thunk.bx"
"00019a8e","FUN_00019a8e","000173d6","__i686.get_pc_thunk.bx"
"00019abe","FUN_00019abe","000173d6","__i686.get_pc_thunk.bx"
"00019b11","AmxLoad","000173d6","__i686.get_pc_thunk.bx"
"00019b48","Load","00016050","operator.new[]"
"00019b48","Load","00016330","~thread"
"00019b48","Load","00016650","detach"
"00019b48","Load","000166e0","operator.new"
"00019b48","Load","00016710","~unique_ptr"
"00019b48","Load","00016820","_M_start_thread"
"00019b48","Load","0001737a","FUN_0001737a"
"00019b48","Load","000179d4","FUN_000179d4"
"00019b48","Load","0001825d","FUN_0001825d"
"00019b48","Load","00018292","FUN_00018292"
"00019b48","Load","00018345","FUN_00018345"
"00019b48","Load","0001837a","FUN_0001837a"
"00019b48","Load","00018469","FUN_00018469"
"00019b48","Load","00019a59","__i686.get_pc_thunk.ax"
"00019b48","Load","0001c792","FUN_0001c792"
"00019b48","Load","0001c87d","FUN_0001c87d"
"00019b48","Load","0001c911","FUN_0001c911"
"00019b48","Load","0001e6e4","FUN_0001e6e4"
"00019b48","Load","0001eb2c","FUN_0001eb2c"
"00019b48","Load","0001f80a","FUN_0001f80a"
"00019b48","Load","00032fa0","FUN_00032fa0"
"00019d5a","FUN_00019d5a","00019a59","__i686.get_pc_thunk.ax"
"00019d5a","FUN_00019d5a","0001b390","FUN_0001b390"
"00019da6","~_Sp_counted_ptr_inplace","000173d6","__i686.get_pc_thunk.bx"
"00019dca","~_Sp_counted_ptr_inplace","000173d6","__i686.get_pc_thunk.bx"
"00019dee","~_State_impl","000173d6","__i686.get_pc_thunk.bx"
"00019e1c","~_State_impl","000173d6","__i686.get_pc_thunk.bx"
"00019e4c","~_State_impl","000173d6","__i686.get_pc_thunk.bx"
"00019e7a","~_State_impl","000173d6","__i686.get_pc_thunk.bx"
"00019eaa","_M_complete_async","000163e0","pthread_once"
"00019eaa","_M_complete_async","00016740","___tls_get_addr"
"00019eaa","_M_complete_async","00016810","__throw_system_error"
"00019eaa","_M_complete_async","00019a5d","__i686.get_pc_thunk.si"
"00019f7e","~_Result","000173d6","__i686.get_pc_thunk.bx"
"00019fac","~_Result","000173d6","__i686.get_pc_thunk.bx"
"0001a007","_M_manager","000173d6","__i686.get_pc_thunk.bx"
"0001a04a","_FUN","000173d6","__i686.get_pc_thunk.bx"
"0001a08c","_FUN","000173d6","__i686.get_pc_thunk.bx"
"0001a0e0","_M_destroy","000173d6","__i686.get_pc_thunk.bx"
"0001a104","_M_destroy","000173d6","__i686.get_pc_thunk.bx"
"0001a128","operator==","000173d6","__i686.get_pc_thunk.bx"
"0001a170","_M_get_deleter","000173d6","__i686.get_pc_thunk.bx"
"0001a1b0","_M_get_deleter","000173d6","__i686.get_pc_thunk.bx"
"0001a1f0","~exception_ptr","000173d6","__i686.get_pc_thunk.bx"
"0001a236","_M_set_result","000160c0","__throw_future_error"
"0001a236","_M_set_result","000163e0","pthread_once"
"0001a236","_M_set_result","000165e0","_M_futex_notify_all"
"0001a236","_M_set_result","00016740","___tls_get_addr"
"0001a236","_M_set_result","00016810","__throw_system_error"
"0001a236","_M_set_result","00019a5d","__i686.get_pc_thunk.si"
"0001a35e","_M_complete_async","000162c0","~_Function_base"
"0001a35e","_M_complete_async","00016590","_M_set_result"
"0001a35e","_M_complete_async","00019a5d","__i686.get_pc_thunk.si"
"0001a3ca","FUN_0001a3ca","000173d6","__i686.get_pc_thunk.bx"
"0001a3e6","FUN_0001a3e6","000173d6","__i686.get_pc_thunk.bx"
"0001a412","~__shared_count","00019a5d","__i686.get_pc_thunk.si"
"0001a4a8","~_State_baseV2","000173d6","__i686.get_pc_thunk.bx"
"0001a4da","~_State_baseV2","000173d6","__i686.get_pc_thunk.bx"
"0001a50a","~_Async_state_commonV2","000173d6","__i686.get_pc_thunk.bx"
"0001a546","~_Async_state_commonV2","000173d6","__i686.get_pc_thunk.bx"
"0001a576","_M_do_set","000173d6","__i686.get_pc_thunk.bx"
"0001a5e4","~_Async_state_impl","000173d6","__i686.get_pc_thunk.bx"
"0001a636","~_Async_state_impl","000173d6","__i686.get_pc_thunk.bx"
"0001a666","_M_dispose","000173d6","__i686.get_pc_thunk.bx"
"0001a68c","~_Deferred_state","000173d6","__i686.get_pc_thunk.bx"
"0001a6c8","~_Deferred_state","000173d6","__i686.get_pc_thunk.bx"
"0001a6f8","_M_dispose","000173d6","__i686.get_pc_thunk.bx"
"0001a71e","operator==","000173d6","__i686.get_pc_thunk.bx"
"0001a77c","FUN_0001a77c","000173d6","__i686.get_pc_thunk.bx"
"0001a82c","unlock","000173d6","__i686.get_pc_thunk.bx"
"0001a86c","~unique_lock","000173d6","__i686.get_pc_thunk.bx"
"0001a8a6","~string","000173d6","__i686.get_pc_thunk.bx"
"0001a8c8","FUN_0001a8c8","00016260","_Result_base"
"0001a8c8","FUN_0001a8c8","000166e0","operator.new"
"0001a8c8","FUN_0001a8c8","00019a59","__i686.get_pc_thunk.ax"
"0001a9d6","_M_replace","000173d6","__i686.get_pc_thunk.bx"
"0001ab66","future_error","00016170","_M_dispose"
"0001ab66","future_error","00016770","_M_replace"
"0001ab66","future_error","000167b0","logic_error"
"0001ab66","future_error","000167f0","_M_is_local"
"0001ab66","future_error","00019a59","__i686.get_pc_thunk.ax"
"0001ac80","_M_break_promise","000173d6","__i686.get_pc_thunk.bx"
"0001ad78","_M_run","000162c0","~_Function_base"
"0001ad78","_M_run","00016590","_M_set_result"
"0001ad78","_M_run","00019a59","__i686.get_pc_thunk.ax"
"0001ae64","FUN_0001ae64","000173d6","__i686.get_pc_thunk.bx"
"0001aea0","FUN_0001aea0","000173d6","__i686.get_pc_thunk.bx"
"0001af01","__destroy<Commands::Command*>","0001ae64","FUN_0001ae64"
"0001af24","FUN_0001af24","000173d6","__i686.get_pc_thunk.bx"
"0001b004","_Async_state_impl<BufferHandles::Process()::{lambda()#2}>","00016260","_Result_base"
"0001b004","_Async_state_impl<BufferHandles::Process()::{lambda()#2}>","000162b0","terminate"
"0001b004","_Async_state_impl<BufferHandles::Process()::{lambda()#2}>","00016330","~thread"
"0001b004","_Async_state_impl<BufferHandles::Process()::{lambda()#2}>","000166e0","operator.new"
"0001b004","_Async_state_impl<BufferHandles::Process()::{lambda()#2}>","00016710","~unique_ptr"
"0001b004","_Async_state_impl<BufferHandles::Process()::{lambda()#2}>","00016820","_M_start_thread"
"0001b004","_Async_state_impl<BufferHandles::Process()::{lambda()#2}>","00019a59","__i686.get_pc_thunk.ax"
"0001b171","FUN_0001b171","000160c0","__throw_future_error"
"0001b171","FUN_0001b171","000163f0","_Unwind_Resume"
"0001b171","FUN_0001b171","00016630","~__shared_count"
"0001b171","FUN_0001b171","00016670","_Async_state_impl<BufferHandles::Process()::{lambda()#2}>"
"0001b171","FUN_0001b171","000166e0","operator.new"
"0001b171","FUN_0001b171","00019a59","__i686.get_pc_thunk.ax"
"0001b171","FUN_0001b171","0001a8c8","FUN_0001a8c8"
"0001b390","FUN_0001b390","000161a0","wait"
"0001b390","FUN_0001b390","00016240","sleep_for<long_long,std::ratio<1ll,1000ll>>"
"0001b390","FUN_0001b390","00016350","operator=="
"0001b390","FUN_0001b390","00016480","~unique_lock"
"0001b390","FUN_0001b390","00016630","~__shared_count"
"0001b390","FUN_0001b390","00016690","pthread_mutex_lock"
"0001b390","FUN_0001b390","000166a0","unlock"
"0001b390","FUN_0001b390","00016700","atoi"
"0001b390","FUN_0001b390","00016810","__throw_system_error"
"0001b390","FUN_0001b390","00019a59","__i686.get_pc_thunk.ax"
"0001b390","FUN_0001b390","0001a3ca","FUN_0001a3ca"
"0001b390","FUN_0001b390","0001a3e6","FUN_0001a3e6"
"0001b390","FUN_0001b390","0001a75e","FUN_0001a75e"
"0001b390","FUN_0001b390","0001aea0","FUN_0001aea0"
"0001b390","FUN_0001b390","0001b171","FUN_0001b171"
"0001b390","FUN_0001b390","0001e31d","FUN_0001e31d"
"0001b390","FUN_0001b390","000373be","FUN_000373be"
"0001b390","FUN_0001b390","0003745a","FUN_0003745a"
"0001b390","FUN_0001b390","00037562","FUN_00037562"
"0001b390","FUN_0001b390","00037ae4","FUN_00037ae4"
"0001c66e","operator()","00019a59","__i686.get_pc_thunk.ax"
"0001c66e","operator()","0001a77c","FUN_0001a77c"
"0001c733","_M_invoke","000173d6","__i686.get_pc_thunk.bx"
"0001c762","FUN_0001c762","000173d6","__i686.get_pc_thunk.bx"
"0001c792","FUN_0001c792","000173d6","__i686.get_pc_thunk.bx"
"0001c87d","FUN_0001c87d","000173d6","__i686.get_pc_thunk.bx"
"0001c911","FUN_0001c911","000173d6","__i686.get_pc_thunk.bx"
"0001c93c","FUN_0001c93c","000173d6","__i686.get_pc_thunk.bx"
"0001c968","FUN_0001c968","000173d6","__i686.get_pc_thunk.bx"
"0001c998","FUN_0001c998","00019a59","__i686.get_pc_thunk.ax"
"0001c998","FUN_0001c998","0001e31d","FUN_0001e31d"
"0001c998","FUN_0001c998","0003733c","FUN_0003733c"
"0001c998","FUN_0001c998","0003735c","FUN_0003735c"
"0001c998","FUN_0001c998","000374d0","FUN_000374d0"
"0001c998","FUN_0001c998","00037562","FUN_00037562"
"0001c998","FUN_0001c998","0003768a","FUN_0003768a"
"0001cb22","FUN_0001cb22","00019a59","__i686.get_pc_thunk.ax"
"0001cb22","FUN_0001cb22","0001a3ca","FUN_0001a3ca"
"0001cb22","FUN_0001cb22","000374d0","FUN_000374d0"
"0001cb22","FUN_0001cb22","00037562","FUN_00037562"
"0001cb22","FUN_0001cb22","0003768a","FUN_0003768a"
"0001cc52","FUN_0001cc52","00019a5d","__i686.get_pc_thunk.si"
"0001cc52","FUN_0001cc52","0001e31d","FUN_0001e31d"
"0001cc52","FUN_0001cc52","00037354","FUN_00037354"
"0001cc52","FUN_0001cc52","00037374","FUN_00037374"
"0001cc52","FUN_0001cc52","000374d0","FUN_000374d0"
"0001cc52","FUN_0001cc52","00037562","FUN_00037562"
"0001cc52","FUN_0001cc52","0003768a","FUN_0003768a"
"0001cd1d","FUN_0001cd1d","00019a59","__i686.get_pc_thunk.ax"
"0001cd3e","FUN_0001cd3e","000173d6","__i686.get_pc_thunk.bx"
"0001d023","FUN_0001d023","00016150","pthread_cancel"
"0001d023","FUN_0001d023","00019a5d","__i686.get_pc_thunk.si"
"0001d0dc","FUN_0001d0dc","000173d6","__i686.get_pc_thunk.bx"
"0001d103","FUN_0001d103","000173d6","__i686.get_pc_thunk.bx"
"0001d12a","FUN_0001d12a","000173d6","__i686.get_pc_thunk.bx"
"0001d15a","FUN_0001d15a","000173d6","__i686.get_pc_thunk.bx"
"0001d18b","FUN_0001d18b","000161c0","lock"
"0001d18b","FUN_0001d18b","00019a5d","__i686.get_pc_thunk.si"
"0001d236","FUN_0001d236","000173d6","__i686.get_pc_thunk.bx"
"0001d2a0","FUN_0001d2a0","000161c0","lock"
"0001d2a0","FUN_0001d2a0","000166e0","operator.new"
"0001d2a0","FUN_0001d2a0","00019a59","__i686.get_pc_thunk.ax"
"0001d367","FUN_0001d367","000173d6","__i686.get_pc_thunk.bx"
"0001d3a6","FUN_0001d3a6","00019a59","__i686.get_pc_thunk.ax"
"0001d3b7","FUN_0001d3b7","000173d6","__i686.get_pc_thunk.bx"
"0001d3ec","FUN_0001d3ec","000173d6","__i686.get_pc_thunk.bx"
"0001d439","FUN_0001d439","000173d6","__i686.get_pc_thunk.bx"
"0001d460","FUN_0001d460","00019a59","__i686.get_pc_thunk.ax"
"0001d460","FUN_0001d460","0001a3ca","FUN_0001a3ca"
"0001d460","FUN_0001d460","0001e31d","FUN_0001e31d"
"0001d460","FUN_0001d460","000373be","FUN_000373be"
"0001d460","FUN_0001d460","0003745a","FUN_0003745a"
"0001d460","FUN_0001d460","00037562","FUN_00037562"
"0001d460","FUN_0001d460","00037ae4","FUN_00037ae4"
"0001d8ac","FUN_0001d8ac","000173d6","__i686.get_pc_thunk.bx"
"0001dbb7","FUN_0001dbb7","000173d6","__i686.get_pc_thunk.bx"
"0001dcbc","FUN_0001dcbc","000173d6","__i686.get_pc_thunk.bx"
"0001dcf5","FUN_0001dcf5","000173d6","__i686.get_pc_thunk.bx"
"0001dd3e","FUN_0001dd3e","00016050","operator.new[]"
"0001dd3e","FUN_0001dd3e","00016170","_M_dispose"
"0001dd3e","FUN_0001dd3e","00016280","string<std::allocator<char>>"
"0001dd3e","FUN_0001dd3e","00016370","operator.delete"
"0001dd3e","FUN_0001dd3e","00016550","operator.delete[]"
"0001dd3e","FUN_0001dd3e","00019a59","__i686.get_pc_thunk.ax"
"0001dd3e","FUN_0001dd3e","0001fc8e","FUN_0001fc8e"
"0001dd3e","FUN_0001dd3e","0001fcda","FUN_0001fcda"
"0001dd3e","FUN_0001dd3e","0001fdbe","FUN_0001fdbe"
"0001dd3e","FUN_0001dd3e","0001fde4","FUN_0001fde4"
"0001dd3e","FUN_0001dd3e","0001fe91","FUN_0001fe91"
"0001df2d","FUN_0001df2d","00016050","operator.new[]"
"0001df2d","FUN_0001df2d","00016370","operator.delete"
"0001df2d","FUN_0001df2d","00016470","__cxa_throw_bad_array_new_length"
"0001df2d","FUN_0001df2d","00016550","operator.delete[]"
"0001df2d","FUN_0001df2d","000166e0","operator.new"
"0001df2d","FUN_0001df2d","00016710","~unique_ptr"
"0001df2d","FUN_0001df2d","00016820","_M_start_thread"
"0001df2d","FUN_0001df2d","00019a59","__i686.get_pc_thunk.ax"
"0001df2d","FUN_0001df2d","0001fc42","FUN_0001fc42"
"0001df2d","FUN_0001df2d","0001fc8e","FUN_0001fc8e"
"0001df2d","FUN_0001df2d","0001fcda","FUN_0001fcda"
"0001df2d","FUN_0001df2d","0001fe7b","FUN_0001fe7b"
"0001df2d","FUN_0001df2d","0001fe91","FUN_0001fe91"
"0001e20e","lock","000173d6","__i686.get_pc_thunk.bx"
"0001e23e","string<std::allocator<char>>","000173d6","__i686.get_pc_thunk.bx"
"0001e2d4","sleep_for<long_long,std::ratio<1ll,1ll>>","000173d6","__i686.get_pc_thunk.bx"
"0001e323","FUN_0001e323","000173d6","__i686.get_pc_thunk.bx"
"0001e3b7","FUN_0001e3b7","000173d6","__i686.get_pc_thunk.bx"
"0001e4a6","~unordered_map","000173d6","__i686.get_pc_thunk.bx"
"0001e514","FUN_0001e514","000173d6","__i686.get_pc_thunk.bx"
"0001e566","FUN_0001e566","000173d6","__i686.get_pc_thunk.bx"
"0001e604","FUN_0001e604","000173d6","__i686.get_pc_thunk.bx"
"0001e66d","FUN_0001e66d","0001e5ba","FUN_0001e5ba"
"0001e66d","FUN_0001e66d","0001f62f","__i686.get_pc_thunk.cx"
"0001e6ce","FUN_0001e6ce","0001e66d","FUN_0001e66d"
"0001e6e4","FUN_0001e6e4","000173d6","__i686.get_pc_thunk.bx"
"0001e764","FUN_0001e764","000173d6","__i686.get_pc_thunk.bx"
"0001e9cf","FUN_0001e9cf","00016400","_M_rehash"
"0001e9cf","FUN_0001e9cf","000164d0","_M_need_rehash"
"0001e9cf","FUN_0001e9cf","000166e0","operator.new"
"0001e9cf","FUN_0001e9cf","0001e5ba","FUN_0001e5ba"
"0001eb2c","FUN_0001eb2c","000173d6","__i686.get_pc_thunk.bx"
"0001ef67","to_string","00019a59","__i686.get_pc_thunk.ax"
"0001ef67","to_string","0001e566","FUN_0001e566"
"0001f0a8","string","00016210","_S_copy"
"0001f0a8","string","00019a59","__i686.get_pc_thunk.ax"
"0001f0a8","string","0001e566","FUN_0001e566"
"0001f10c","FUN_0001f10c","00016130","string"
"0001f10c","FUN_0001f10c","00019a59","__i686.get_pc_thunk.ax"
"0001f1a2","FUN_0001f1a2","000160e0","memmove"
"0001f1a2","FUN_0001f1a2","000161f0","__throw_bad_alloc"
"0001f1a2","FUN_0001f1a2","00016250","__throw_length_error"
"0001f1a2","FUN_0001f1a2","00016370","operator.delete"
"0001f1a2","FUN_0001f1a2","00016490","__throw_bad_array_new_length"
"0001f1a2","FUN_0001f1a2","000166e0","operator.new"
"0001f1a2","FUN_0001f1a2","00019a59","__i686.get_pc_thunk.ax"
"0001f1a2","FUN_0001f1a2","0001f10c","FUN_0001f10c"
"0001f3ea","FUN_0001f3ea","00016290","notify_one"
"0001f3ea","FUN_0001f3ea","00019a5d","__i686.get_pc_thunk.si"
"0001f3ea","FUN_0001f3ea","0001f10c","FUN_0001f10c"
"0001f3ea","FUN_0001f3ea","0001f1a2","FUN_0001f1a2"
"0001f440","_M_assign","000173d6","__i686.get_pc_thunk.bx"
"0001f4cc","FUN_0001f4cc","00016170","_M_dispose"
"0001f4cc","FUN_0001f4cc","00016210","_S_copy"
"0001f4cc","FUN_0001f4cc","000165f0","to_string"
"0001f4cc","FUN_0001f4cc","00016760","_M_assign"
"0001f4cc","FUN_0001f4cc","000167f0","_M_is_local"
"0001f4cc","FUN_0001f4cc","00019a59","__i686.get_pc_thunk.ax"
"0001f75c","FUN_0001f75c","000173d6","__i686.get_pc_thunk.bx"
"0001f7c6","FUN_0001f7c6","000173d6","__i686.get_pc_thunk.bx"
"0001f80a","FUN_0001f80a","000173d6","__i686.get_pc_thunk.bx"
"0001f8ea","FUN_0001f8ea","000173d6","__i686.get_pc_thunk.bx"
"0001f940","FUN_0001f940","00016130","string"
"0001f940","FUN_0001f940","00016170","_M_dispose"
"0001f940","FUN_0001f940","00019a5d","__i686.get_pc_thunk.si"
"0001f940","FUN_0001f940","0001ae64","FUN_0001ae64"
"0001f940","FUN_0001f940","0001e66d","FUN_0001e66d"
"0001f940","FUN_0001f940","0001f10c","FUN_0001f10c"
"0001f940","FUN_0001f940","0001f3ea","FUN_0001f3ea"
"0001f940","FUN_0001f940","0001f4cc","FUN_0001f4cc"
"0001f940","FUN_0001f940","0001f75c","FUN_0001f75c"
"0001fbab","FUN_0001fbab","00019a59","__i686.get_pc_thunk.ax"
"0001fbbd","FUN_0001fbbd","00019a59","__i686.get_pc_thunk.ax"
"0001fbd0","FUN_0001fbd0","00019a59","__i686.get_pc_thunk.ax"
"0001fbe3","FUN_0001fbe3","00019a59","__i686.get_pc_thunk.ax"
"0001fbf6","FUN_0001fbf6","00019a59","__i686.get_pc_thunk.ax"
"0001fc09","FUN_0001fc09","00019a59","__i686.get_pc_thunk.ax"
"0001fc1c","FUN_0001fc1c","00019a59","__i686.get_pc_thunk.ax"
"0001fc2f","FUN_0001fc2f","00019a59","__i686.get_pc_thunk.ax"
"0001fc42","FUN_0001fc42","00019a59","__i686.get_pc_thunk.ax"
"0001fc55","FUN_0001fc55","00019a59","__i686.get_pc_thunk.ax"
"0001fc68","FUN_0001fc68","00019a59","__i686.get_pc_thunk.ax"
"0001fc7b","FUN_0001fc7b","00019a59","__i686.get_pc_thunk.ax"
"0001fc8e","FUN_0001fc8e","00019a59","__i686.get_pc_thunk.ax"
"0001fca1","FUN_0001fca1","00019a59","__i686.get_pc_thunk.ax"
"0001fcb4","FUN_0001fcb4","00019a59","__i686.get_pc_thunk.ax"
"0001fcc7","FUN_0001fcc7","00019a59","__i686.get_pc_thunk.ax"
"0001fcda","FUN_0001fcda","00019a59","__i686.get_pc_thunk.ax"
"0001fced","FUN_0001fced","00019a59","__i686.get_pc_thunk.ax"
"0001fd00","FUN_0001fd00","00019a59","__i686.get_pc_thunk.ax"
"0001fd13","FUN_0001fd13","00019a59","__i686.get_pc_thunk.ax"
"0001fd26","FUN_0001fd26","00019a59","__i686.get_pc_thunk.ax"
"0001fd39","FUN_0001fd39","00019a59","__i686.get_pc_thunk.ax"
"0001fd4c","FUN_0001fd4c","00019a59","__i686.get_pc_thunk.ax"
"0001fd5f","FUN_0001fd5f","00019a59","__i686.get_pc_thunk.ax"
"0001fd72","FUN_0001fd72","00019a59","__i686.get_pc_thunk.ax"
"0001fd85","FUN_0001fd85","00019a59","__i686.get_pc_thunk.ax"
"0001fd98","FUN_0001fd98","00019a59","__i686.get_pc_thunk.ax"
"0001fdab","FUN_0001fdab","00019a59","__i686.get_pc_thunk.ax"
"0001fdbe","FUN_0001fdbe","00019a59","__i686.get_pc_thunk.ax"
"0001fdd1","FUN_0001fdd1","00019a59","__i686.get_pc_thunk.ax"
"0001fde4","FUN_0001fde4","00019a59","__i686.get_pc_thunk.ax"
"0001fdf7","FUN_0001fdf7","00019a59","__i686.get_pc_thunk.ax"
"0001fe23","FUN_0001fe23","00019a59","__i686.get_pc_thunk.ax"
"0001fe39","FUN_0001fe39","00019a59","__i686.get_pc_thunk.ax"
"0001fe4f","FUN_0001fe4f","00019a59","__i686.get_pc_thunk.ax"
"0001fe65","FUN_0001fe65","00019a59","__i686.get_pc_thunk.ax"
"0001fe7b","FUN_0001fe7b","00019a59","__i686.get_pc_thunk.ax"
"0001fe91","FUN_0001fe91","00019a59","__i686.get_pc_thunk.ax"
"0001fea7","FUN_0001fea7","00019a59","__i686.get_pc_thunk.ax"
"0001febd","FUN_0001febd","00019a59","__i686.get_pc_thunk.ax"
"0001fed3","FUN_0001fed3","00019a59","__i686.get_pc_thunk.ax"
"0001fee9","FUN_0001fee9","00019a59","__i686.get_pc_thunk.ax"
"0001ff02","FUN_0001ff02","000173d6","__i686.get_pc_thunk.bx"
"0001ff5f","FUN_0001ff5f","000173d6","__i686.get_pc_thunk.bx"
"0001ffed","FUN_0001ffed","000173d6","__i686.get_pc_thunk.bx"
"00020021","FUN_00020021","000173d6","__i686.get_pc_thunk.bx"
"000200e9","FUN_000200e9","000173d6","__i686.get_pc_thunk.bx"
"00020139","FUN_00020139","000173d6","__i686.get_pc_thunk.bx"
"000201a3","FUN_000201a3","000173d6","__i686.get_pc_thunk.bx"
"0002020d","FUN_0002020d","000173d6","__i686.get_pc_thunk.bx"
"00020273","FUN_00020273","000173d6","__i686.get_pc_thunk.bx"
"000202ad","FUN_000202ad","000173d6","__i686.get_pc_thunk.bx"
"00020364","FUN_00020364","000173d6","__i686.get_pc_thunk.bx"
"000203be","FUN_000203be","000173d6","__i686.get_pc_thunk.bx"
"00020415","FUN_00020415","000173d6","__i686.get_pc_thunk.bx"
"000204e1","FUN_000204e1","000173d6","__i686.get_pc_thunk.bx"
"00020537","FUN_00020537","000173d6","__i686.get_pc_thunk.bx"
"0002057d","FUN_0002057d","000173d6","__i686.get_pc_thunk.bx"
"000205cb","FUN_000205cb","000173d6","__i686.get_pc_thunk.bx"
"00020639","FUN_00020639","000205cb","FUN_000205cb"
"0002067d","FUN_0002067d","000173d6","__i686.get_pc_thunk.bx"
"000206f9","FUN_000206f9","000173d6","__i686.get_pc_thunk.bx"
"00020813","FUN_00020813","000173d6","__i686.get_pc_thunk.bx"
"000208fa","FUN_000208fa","000205cb","FUN_000205cb"
"000208fa","FUN_000208fa","00020813","FUN_00020813"
"0002094a","FUN_0002094a","00020813","FUN_00020813"
"00020960","FUN_00020960","00016580","__assert_fail"
"00020960","FUN_00020960","00019a59","__i686.get_pc_thunk.ax"
"00020960","FUN_00020960","000204e1","FUN_000204e1"
"00020960","FUN_00020960","0002067d","FUN_0002067d"
"000209f3","FUN_000209f3","000173d6","__i686.get_pc_thunk.bx"
"00020a37","FUN_00020a37","000173d6","__i686.get_pc_thunk.bx"
"00020a9b","FUN_00020a9b","000173d6","__i686.get_pc_thunk.bx"
"00020aff","FUN_00020aff","0001ff5f","FUN_0001ff5f"
"00020b0f","FUN_00020b0f","000173d6","__i686.get_pc_thunk.bx"
"00020b5e","FUN_00020b5e","000173d6","__i686.get_pc_thunk.bx"
"00020bf5","FUN_00020bf5","000173d6","__i686.get_pc_thunk.bx"
"00020c67","FUN_00020c67","00019a59","__i686.get_pc_thunk.ax"
"00020c67","FUN_00020c67","00020b5e","FUN_00020b5e"
"00020c8f","FUN_00020c8f","00019a59","__i686.get_pc_thunk.ax"
"00020c8f","FUN_00020c8f","00020b5e","FUN_00020b5e"
"00020cc1","FUN_00020cc1","00016180","FUN_00016180"
"00020cc1","FUN_00020cc1","00016560","FUN_00016560"
"00020cc1","FUN_00020cc1","0001ff4b","FUN_0001ff4b"
"00020cc1","FUN_00020cc1","00020273","FUN_00020273"
"00020cc1","FUN_00020cc1","00020b5e","FUN_00020b5e"
"00020e9c","FUN_00020e9c","000173d6","__i686.get_pc_thunk.bx"
"00020ec6","FUN_00020ec6","00019a59","__i686.get_pc_thunk.ax"
"00020ec6","FUN_00020ec6","000202ad","FUN_000202ad"
"00020ee8","FUN_00020ee8","00019a59","__i686.get_pc_thunk.ax"
"00020ee8","FUN_00020ee8","00020364","FUN_00020364"
"00020f09","FUN_00020f09","000173d6","__i686.get_pc_thunk.bx"
"00020f71","FUN_00020f71","000173d6","__i686.get_pc_thunk.bx"
"00020fbc","FUN_00020fbc","000173d6","__i686.get_pc_thunk.bx"
"00021005","FUN_00021005","000173d6","__i686.get_pc_thunk.bx"
"0002106b","FUN_0002106b","000173d6","__i686.get_pc_thunk.bx"
"000210ce","FUN_000210ce","00019a59","__i686.get_pc_thunk.ax"
"000210ce","FUN_000210ce","000202ad","FUN_000202ad"
"000210ce","FUN_000210ce","00020960","FUN_00020960"
"00021115","FUN_00021115","00019a59","__i686.get_pc_thunk.ax"
"00021115","FUN_00021115","00020364","FUN_00020364"
"00021136","FUN_00021136","000173d6","__i686.get_pc_thunk.bx"
"000211a8","FUN_000211a8","00021136","FUN_00021136"
"000211bf","FUN_000211bf","000173d6","__i686.get_pc_thunk.bx"
"0002126d","FUN_0002126d","000173d6","__i686.get_pc_thunk.bx"
"00021359","FUN_00021359","000173d6","__i686.get_pc_thunk.bx"
"000213c2","FUN_000213c2","000173d6","__i686.get_pc_thunk.bx"
"00021413","FUN_00021413","000173d6","__i686.get_pc_thunk.bx"
"00021464","FUN_00021464","000173d6","__i686.get_pc_thunk.bx"
"000214cb","FUN_000214cb","0001fba7","__i686.get_pc_thunk.dx"
"000214f3","FUN_000214f3","000173d6","__i686.get_pc_thunk.bx"
"00021540","FUN_00021540","000173d6","__i686.get_pc_thunk.bx"
"00021599","FUN_00021599","000173d6","__i686.get_pc_thunk.bx"
"000216a7","FUN_000216a7","000173d6","__i686.get_pc_thunk.bx"
"00021706","FUN_00021706","000173d6","__i686.get_pc_thunk.bx"
"0002180d","FUN_0002180d","0002020d","FUN_0002020d"
"00021826","FUN_00021826","000173d6","__i686.get_pc_thunk.bx"
"0002188c","FUN_0002188c","000173d6","__i686.get_pc_thunk.bx"
"00021941","FUN_00021941","00019a59","__i686.get_pc_thunk.ax"
"00021941","FUN_00021941","00020364","FUN_00020364"
"00021962","FUN_00021962","00019a59","__i686.get_pc_thunk.ax"
"00021973","FUN_00021973","000173d6","__i686.get_pc_thunk.bx"
"00021a37","FUN_00021a37","000173d6","__i686.get_pc_thunk.bx"
"00021b2b","FUN_00021b2b","000173d6","__i686.get_pc_thunk.bx"
"00021bb2","FUN_00021bb2","000173d6","__i686.get_pc_thunk.bx"
"00021c15","FUN_00021c15","000173d6","__i686.get_pc_thunk.bx"
"00021cd3","FUN_00021cd3","000173d6","__i686.get_pc_thunk.bx"
"00021d9d","FUN_00021d9d","000173d6","__i686.get_pc_thunk.bx"
"00021e15","FUN_00021e15","000173d6","__i686.get_pc_thunk.bx"
"00021e8d","FUN_00021e8d","000173d6","__i686.get_pc_thunk.bx"
"00021f03","FUN_00021f03","000173d6","__i686.get_pc_thunk.bx"
"00021fab","FUN_00021fab","000173d6","__i686.get_pc_thunk.bx"
"00022039","FUN_00022039","000173d6","__i686.get_pc_thunk.bx"
"00022082","FUN_00022082","000173d6","__i686.get_pc_thunk.bx"
"00022412","FUN_00022412","00016580","__assert_fail"
"00022412","FUN_00022412","00019a5d","__i686.get_pc_thunk.si"
"00022412","FUN_00022412","00022082","FUN_00022082"
"00022503","FUN_00022503","00022412","FUN_00022412"
"00022536","FUN_00022536","000173d6","__i686.get_pc_thunk.bx"
"00022754","FUN_00022754","000173d6","__i686.get_pc_thunk.bx"
"000228cd","FUN_000228cd","000173d6","__i686.get_pc_thunk.bx"
"0002291e","FUN_0002291e","00020b5e","FUN_00020b5e"
"0002291e","FUN_0002291e","000228cd","FUN_000228cd"
"0002291e","FUN_0002291e","00032e7a","FUN_00032e7a"
"0002297a","FUN_0002297a","00020b5e","FUN_00020b5e"
"0002297a","FUN_0002297a","000228cd","FUN_000228cd"
"0002297a","FUN_0002297a","00032e7a","FUN_00032e7a"
"000229d6","FUN_000229d6","00019a5d","__i686.get_pc_thunk.si"
"000229d6","FUN_000229d6","00020b5e","FUN_00020b5e"
"000229d6","FUN_000229d6","000228cd","FUN_000228cd"
"00022a1b","FUN_00022a1b","0001fba7","__i686.get_pc_thunk.dx"
"00022a1b","FUN_00022a1b","00020b5e","FUN_00020b5e"
"00022a1b","FUN_00022a1b","000228cd","FUN_000228cd"
"00022aa3","FUN_00022aa3","000173d6","__i686.get_pc_thunk.bx"
"00022b11","FUN_00022b11","000173d6","__i686.get_pc_thunk.bx"
"00022b7f","FUN_00022b7f","00020b5e","FUN_00020b5e"
"00022b7f","FUN_00022b7f","000228cd","FUN_000228cd"
"00022b7f","FUN_00022b7f","00032e7a","FUN_00032e7a"
"00022bd3","FUN_00022bd3","0001fba7","__i686.get_pc_thunk.dx"
"00022bd3","FUN_00022bd3","00020b5e","FUN_00020b5e"
"00022bd3","FUN_00022bd3","000228cd","FUN_000228cd"
"00022c58","FUN_00022c58","000173d6","__i686.get_pc_thunk.bx"
"00022cc3","FUN_00022cc3","00019a5d","__i686.get_pc_thunk.si"
"00022cc3","FUN_00022cc3","00020b5e","FUN_00020b5e"
"00022cc3","FUN_00022cc3","000228cd","FUN_000228cd"
"00022d08","FUN_00022d08","00019a5d","__i686.get_pc_thunk.si"
"00022d08","FUN_00022d08","00020b5e","FUN_00020b5e"
"00022d08","FUN_00022d08","000228cd","FUN_000228cd"
"00022d4d","FUN_00022d4d","00020b5e","FUN_00020b5e"
"00022d4d","FUN_00022d4d","000228cd","FUN_000228cd"
"00022d4d","FUN_00022d4d","00032e7a","FUN_00032e7a"
"00022da9","FUN_00022da9","00019a5d","__i686.get_pc_thunk.si"
"00022da9","FUN_00022da9","00020b5e","FUN_00020b5e"
"00022da9","FUN_00022da9","000228cd","FUN_000228cd"
"00022dee","FUN_00022dee","00019a59","__i686.get_pc_thunk.ax"
"00022dee","FUN_00022dee","00020b5e","FUN_00020b5e"
"00022dee","FUN_00022dee","000228cd","FUN_000228cd"
"00022e63","FUN_00022e63","00019a59","__i686.get_pc_thunk.ax"
"00022e63","FUN_00022e63","00020b5e","FUN_00020b5e"
"00022e63","FUN_00022e63","000228cd","FUN_000228cd"
"00022ed8","FUN_00022ed8","00019a5d","__i686.get_pc_thunk.si"
"00022ed8","FUN_00022ed8","00020b5e","FUN_00020b5e"
"00022ed8","FUN_00022ed8","000228cd","FUN_000228cd"
"00022f1d","FUN_00022f1d","00019a5d","__i686.get_pc_thunk.si"
"00022f1d","FUN_00022f1d","00020b5e","FUN_00020b5e"
"00022f1d","FUN_00022f1d","000228cd","FUN_000228cd"
"00022f62","FUN_00022f62","00020b5e","FUN_00020b5e"
"00022f62","FUN_00022f62","000228cd","FUN_000228cd"
"00022f62","FUN_00022f62","00032e7a","FUN_00032e7a"
"00022fbe","FUN_00022fbe","00020b5e","FUN_00020b5e"
"00022fbe","FUN_00022fbe","000228cd","FUN_000228cd"
"00022fbe","FUN_00022fbe","00032e7a","FUN_00032e7a"
"0002301a","FUN_0002301a","00020b5e","FUN_00020b5e"
"0002301a","FUN_0002301a","000228cd","FUN_000228cd"
"0002301a","FUN_0002301a","00032e7a","FUN_00032e7a"
"00023076","FUN_00023076","0001fba7","__i686.get_pc_thunk.dx"
"00023076","FUN_00023076","00020b5e","FUN_00020b5e"
"00023076","FUN_00023076","000228cd","FUN_000228cd"
"000230fe","FUN_000230fe","00020b5e","FUN_00020b5e"
"000230fe","FUN_000230fe","000228cd","FUN_000228cd"
"000230fe","FUN_000230fe","00032e7a","FUN_00032e7a"
"00023152","FUN_00023152","00020b5e","FUN_00020b5e"
"00023152","FUN_00023152","000228cd","FUN_000228cd"
"00023152","FUN_00023152","00032e7a","FUN_00032e7a"
"000231ae","FUN_000231ae","00020b5e","FUN_00020b5e"
"000231ae","FUN_000231ae","000228cd","FUN_000228cd"
"000231ae","FUN_000231ae","00032e7a","FUN_00032e7a"
"00023202","FUN_00023202","00019a59","__i686.get_pc_thunk.ax"
"00023202","FUN_00023202","00020b5e","FUN_00020b5e"
"00023202","FUN_00023202","000228cd","FUN_000228cd"
"00023277","FUN_00023277","00020b5e","FUN_00020b5e"
"00023277","FUN_00023277","000228cd","FUN_000228cd"
"00023277","FUN_00023277","00032e7a","FUN_00032e7a"
"000232d3","FUN_000232d3","00020b5e","FUN_00020b5e"
"000232d3","FUN_000232d3","000228cd","FUN_000228cd"
"000232d3","FUN_000232d3","00032e7a","FUN_00032e7a"
"0002332f","FUN_0002332f","00020b5e","FUN_00020b5e"
"0002332f","FUN_0002332f","000228cd","FUN_000228cd"
"0002332f","FUN_0002332f","00032e7a","FUN_00032e7a"
"00023383","FUN_00023383","000173d6","__i686.get_pc_thunk.bx"
"000233ee","FUN_000233ee","000173d6","__i686.get_pc_thunk.bx"
"0002345c","FUN_0002345c","00020b5e","FUN_00020b5e"
"0002345c","FUN_0002345c","000228cd","FUN_000228cd"
"0002345c","FUN_0002345c","00032e7a","FUN_00032e7a"
"000234b8","FUN_000234b8","0001fba7","__i686.get_pc_thunk.dx"
"000234b8","FUN_000234b8","00020b5e","FUN_00020b5e"
"000234b8","FUN_000234b8","000228cd","FUN_000228cd"
"0002353d","FUN_0002353d","0001fba7","__i686.get_pc_thunk.dx"
"0002353d","FUN_0002353d","00020b5e","FUN_00020b5e"
"0002353d","FUN_0002353d","000228cd","FUN_000228cd"
"000235c2","FUN_000235c2","0001fba7","__i686.get_pc_thunk.dx"
"000235c2","FUN_000235c2","00020b5e","FUN_00020b5e"
"000235c2","FUN_000235c2","000228cd","FUN_000228cd"
"00023661","FUN_00023661","00019a59","__i686.get_pc_thunk.ax"
"00023661","FUN_00023661","00020b5e","FUN_00020b5e"
"00023661","FUN_00023661","000228cd","FUN_000228cd"
"000236d6","FUN_000236d6","00020b5e","FUN_00020b5e"
"000236d6","FUN_000236d6","000228cd","FUN_000228cd"
"000236d6","FUN_000236d6","00032e7a","FUN_00032e7a"
"0002372a","FUN_0002372a","00020b5e","FUN_00020b5e"
"0002372a","FUN_0002372a","000228cd","FUN_000228cd"
"0002372a","FUN_0002372a","00032e7a","FUN_00032e7a"
"00023786","FUN_00023786","00020b5e","FUN_00020b5e"
"00023786","FUN_00023786","000228cd","FUN_000228cd"
"00023786","FUN_00023786","00032e7a","FUN_00032e7a"
"000237e2","FUN_000237e2","000173d6","__i686.get_pc_thunk.bx"
"00023835","FUN_00023835","00019a59","__i686.get_pc_thunk.ax"
"00023835","FUN_00023835","00020b5e","FUN_00020b5e"
"00023835","FUN_00023835","000228cd","FUN_000228cd"
"00023835","FUN_00023835","000237e2","FUN_000237e2"
"000238ab","FUN_000238ab","00019a59","__i686.get_pc_thunk.ax"
"000238ab","FUN_000238ab","00020b5e","FUN_00020b5e"
"000238ab","FUN_000238ab","000228cd","FUN_000228cd"
"000238ab","FUN_000238ab","000237e2","FUN_000237e2"
"00023921","FUN_00023921","000173d6","__i686.get_pc_thunk.bx"
"00023971","FUN_00023971","00020b5e","FUN_00020b5e"
"00023971","FUN_00023971","000228cd","FUN_000228cd"
"00023971","FUN_00023971","00023921","FUN_00023921"
"00023971","FUN_00023971","00032e7a","FUN_00032e7a"
"00023a30","FUN_00023a30","0001f62f","__i686.get_pc_thunk.cx"
"00023a30","FUN_00023a30","00020b5e","FUN_00020b5e"
"00023a30","FUN_00023a30","000228cd","FUN_000228cd"
"00023a30","FUN_00023a30","00023921","FUN_00023921"
"00023c29","FUN_00023c29","0001fba7","__i686.get_pc_thunk.dx"
"00023c29","FUN_00023c29","00020b5e","FUN_00020b5e"
"00023c29","FUN_00023c29","000228cd","FUN_000228cd"
"00023c29","FUN_00023c29","000237e2","FUN_000237e2"
"00023c29","FUN_00023c29","00023921","FUN_00023921"
"00023d9d","FUN_00023d9d","0001fba7","__i686.get_pc_thunk.dx"
"00023d9d","FUN_00023d9d","00020b5e","FUN_00020b5e"
"00023d9d","FUN_00023d9d","000228cd","FUN_000228cd"
"00023d9d","FUN_00023d9d","00023921","FUN_00023921"
"00023e63","FUN_00023e63","0001fba7","__i686.get_pc_thunk.dx"
"00023e63","FUN_00023e63","00020b5e","FUN_00020b5e"
"00023e63","FUN_00023e63","000228cd","FUN_000228cd"
"00023e63","FUN_00023e63","00023921","FUN_00023921"
"00023f29","FUN_00023f29","0001fba7","__i686.get_pc_thunk.dx"
"00023f29","FUN_00023f29","00020b5e","FUN_00020b5e"
"00023f29","FUN_00023f29","000228cd","FUN_000228cd"
"00023f29","FUN_00023f29","00023921","FUN_00023921"
"00024031","FUN_00024031","0001fba7","__i686.get_pc_thunk.dx"
"00024031","FUN_00024031","00020b5e","FUN_00020b5e"
"00024031","FUN_00024031","000228cd","FUN_000228cd"
"00024031","FUN_00024031","00023921","FUN_00023921"
"000240f7","FUN_000240f7","0001fba7","__i686.get_pc_thunk.dx"
"000240f7","FUN_000240f7","00020b5e","FUN_00020b5e"
"000240f7","FUN_000240f7","000228cd","FUN_000228cd"
"000240f7","FUN_000240f7","00023921","FUN_00023921"
"000241fc","FUN_000241fc","0001fba7","__i686.get_pc_thunk.dx"
"000241fc","FUN_000241fc","00020b5e","FUN_00020b5e"
"000241fc","FUN_000241fc","000228cd","FUN_000228cd"
"000241fc","FUN_000241fc","00023921","FUN_00023921"
"00024352","FUN_00024352","000173d6","__i686.get_pc_thunk.bx"
"0002440c","FUN_0002440c","00019a59","__i686.get_pc_thunk.ax"
"0002440c","FUN_0002440c","00020b5e","FUN_00020b5e"
"0002440c","FUN_0002440c","000228cd","FUN_000228cd"
"0002440c","FUN_0002440c","00024352","FUN_00024352"
"000244d8","FUN_000244d8","000173d6","__i686.get_pc_thunk.bx"
"0002456d","FUN_0002456d","000173d6","__i686.get_pc_thunk.bx"
"000245e8","FUN_000245e8","000173d6","__i686.get_pc_thunk.bx"
"00024660","FUN_00024660","000173d6","__i686.get_pc_thunk.bx"
"000246c6","FUN_000246c6","000173d6","__i686.get_pc_thunk.bx"
"0002474d","FUN_0002474d","00019a5d","__i686.get_pc_thunk.si"
"0002474d","FUN_0002474d","00020b5e","FUN_00020b5e"
"0002474d","FUN_0002474d","000228cd","FUN_000228cd"
"0002474d","FUN_0002474d","00024352","FUN_00024352"
"000247cd","FUN_000247cd","00019a59","__i686.get_pc_thunk.ax"
"000247cd","FUN_000247cd","000202ad","FUN_000202ad"
"000247cd","FUN_000247cd","000203be","FUN_000203be"
"00024808","FUN_00024808","00019a59","__i686.get_pc_thunk.ax"
"00024808","FUN_00024808","00020364","FUN_00020364"
"00024829","FUN_00024829","000160d0","strerror"
"00024829","FUN_00024829","00016580","__assert_fail"
"00024829","FUN_00024829","00019a5d","__i686.get_pc_thunk.si"
"00024829","FUN_00024829","000205cb","FUN_000205cb"
"00024829","FUN_00024829","0002067d","FUN_0002067d"
"00024829","FUN_00024829","00020960","FUN_00020960"
"00024829","FUN_00024829","00020b5e","FUN_00020b5e"
"00024829","FUN_00024829","00020bf5","FUN_00020bf5"
"00024829","FUN_00024829","0002106b","FUN_0002106b"
"00024963","FUN_00024963","00019a5d","__i686.get_pc_thunk.si"
"00024963","FUN_00024963","000205cb","FUN_000205cb"
"00024963","FUN_00024963","00020b5e","FUN_00020b5e"
"000249c7","FUN_000249c7","000173d6","__i686.get_pc_thunk.bx"
"00024b91","FUN_00024b91","00019a59","__i686.get_pc_thunk.ax"
"00024ba8","FUN_00024ba8","00019a59","__i686.get_pc_thunk.ax"
"00024ba8","FUN_00024ba8","0002106b","FUN_0002106b"
"00024ba8","FUN_00024ba8","000249c7","FUN_000249c7"
"00024bd0","FUN_00024bd0","00020b0f","FUN_00020b0f"
"00024bec","FUN_00024bec","000173d6","__i686.get_pc_thunk.bx"
"00024ca7","FUN_00024ca7","000173d6","__i686.get_pc_thunk.bx"
"00024d3a","FUN_00024d3a","000173d6","__i686.get_pc_thunk.bx"
"00024da1","FUN_00024da1","000173d6","__i686.get_pc_thunk.bx"
"00024e11","FUN_00024e11","000173d6","__i686.get_pc_thunk.bx"
"00024e81","FUN_00024e81","000173d6","__i686.get_pc_thunk.bx"
"00024ee0","FUN_00024ee0","000173d6","__i686.get_pc_thunk.bx"
"00024fe5","FUN_00024fe5","000173d6","__i686.get_pc_thunk.bx"
"0002504c","FUN_0002504c","000173d6","__i686.get_pc_thunk.bx"
"000250da","FUN_000250da","000173d6","__i686.get_pc_thunk.bx"
"000251d9","FUN_000251d9","000173d6","__i686.get_pc_thunk.bx"
"0002524d","FUN_0002524d","000173d6","__i686.get_pc_thunk.bx"
"000252e6","FUN_000252e6","000173d6","__i686.get_pc_thunk.bx"
"0002535a","FUN_0002535a","000173d6","__i686.get_pc_thunk.bx"
"000253f3","FUN_000253f3","000173d6","__i686.get_pc_thunk.bx"
"00025464","FUN_00025464","000173d6","__i686.get_pc_thunk.bx"
"000254cb","FUN_000254cb","000173d6","__i686.get_pc_thunk.bx"
"00025536","FUN_00025536","000173d6","__i686.get_pc_thunk.bx"
"0002559d","FUN_0002559d","000173d6","__i686.get_pc_thunk.bx"
"00025629","FUN_00025629","000173d6","__i686.get_pc_thunk.bx"
"000256e4","FUN_000256e4","000173d6","__i686.get_pc_thunk.bx"
"0002574b","FUN_0002574b","000173d6","__i686.get_pc_thunk.bx"
"000257bb","FUN_000257bb","000173d6","__i686.get_pc_thunk.bx"
"000258ba","FUN_000258ba","000173d6","__i686.get_pc_thunk.bx"
"00025948","FUN_00025948","000173d6","__i686.get_pc_thunk.bx"
"000259e1","FUN_000259e1","000173d6","__i686.get_pc_thunk.bx"
"00025b12","FUN_00025b12","000173d6","__i686.get_pc_thunk.bx"
"00025b86","FUN_00025b86","000173d6","__i686.get_pc_thunk.bx"
"00025c09","FUN_00025c09","000173d6","__i686.get_pc_thunk.bx"
"00025c5d","FUN_00025c5d","000173d6","__i686.get_pc_thunk.bx"
"00025d04","FUN_00025d04","00019a5d","__i686.get_pc_thunk.si"
"00025d04","FUN_00025d04","00020b5e","FUN_00020b5e"
"00025ecf","FUN_00025ecf","000173d6","__i686.get_pc_thunk.bx"
"00025f2e","FUN_00025f2e","000173d6","__i686.get_pc_thunk.bx"
"00025fba","FUN_00025fba","000173d6","__i686.get_pc_thunk.bx"
"000260eb","FUN_000260eb","000173d6","__i686.get_pc_thunk.bx"
"00026177","FUN_00026177","000173d6","__i686.get_pc_thunk.bx"
"000262a8","FUN_000262a8","000173d6","__i686.get_pc_thunk.bx"
"0002630f","FUN_0002630f","000173d6","__i686.get_pc_thunk.bx"
"0002637f","FUN_0002637f","000173d6","__i686.get_pc_thunk.bx"
"000263ef","FUN_000263ef","000173d6","__i686.get_pc_thunk.bx"
"0002645f","FUN_0002645f","000173d6","__i686.get_pc_thunk.bx"
"000264d9","FUN_000264d9","000173d6","__i686.get_pc_thunk.bx"
"00026549","FUN_00026549","000173d6","__i686.get_pc_thunk.bx"
"000265bd","FUN_000265bd","000173d6","__i686.get_pc_thunk.bx"
"00026656","FUN_00026656","000173d6","__i686.get_pc_thunk.bx"
"000266c6","FUN_000266c6","000173d6","__i686.get_pc_thunk.bx"
"0002672d","FUN_0002672d","000173d6","__i686.get_pc_thunk.bx"
"00026794","FUN_00026794","000173d6","__i686.get_pc_thunk.bx"
"000267f3","FUN_000267f3","000173d6","__i686.get_pc_thunk.bx"
"00026883","FUN_00026883","000173d6","__i686.get_pc_thunk.bx"
"000268e2","FUN_000268e2","000173d6","__i686.get_pc_thunk.bx"
"0002694a","FUN_0002694a","000173d6","__i686.get_pc_thunk.bx"
"000269a9","FUN_000269a9","000173d6","__i686.get_pc_thunk.bx"
"00026a10","FUN_00026a10","000173d6","__i686.get_pc_thunk.bx"
"00026b0f","FUN_00026b0f","000173d6","__i686.get_pc_thunk.bx"
"00026b9d","FUN_00026b9d","000173d6","__i686.get_pc_thunk.bx"
"00026c2b","FUN_00026c2b","000173d6","__i686.get_pc_thunk.bx"
"00026d5c","FUN_00026d5c","000173d6","__i686.get_pc_thunk.bx"
"00026de8","FUN_00026de8","000173d6","__i686.get_pc_thunk.bx"
"00026e58","FUN_00026e58","000173d6","__i686.get_pc_thunk.bx"
"00026eb7","FUN_00026eb7","000173d6","__i686.get_pc_thunk.bx"
"00026fc1","FUN_00026fc1","000173d6","__i686.get_pc_thunk.bx"
"0002705b","FUN_0002705b","000173d6","__i686.get_pc_thunk.bx"
"000270eb","FUN_000270eb","000173d6","__i686.get_pc_thunk.bx"
"00027185","FUN_00027185","000173d6","__i686.get_pc_thunk.bx"
"00027215","FUN_00027215","000173d6","__i686.get_pc_thunk.bx"
"0002728f","FUN_0002728f","000173d6","__i686.get_pc_thunk.bx"
"00027312","FUN_00027312","000173d6","__i686.get_pc_thunk.bx"
"000273ac","FUN_000273ac","000173d6","__i686.get_pc_thunk.bx"
"0002744f","FUN_0002744f","000173d6","__i686.get_pc_thunk.bx"
"0002749b","FUN_0002749b","000173d6","__i686.get_pc_thunk.bx"
"000274e7","FUN_000274e7","000173d6","__i686.get_pc_thunk.bx"
"00027569","FUN_00027569","000173d6","__i686.get_pc_thunk.bx"
"000275b5","FUN_000275b5","000173d6","__i686.get_pc_thunk.bx"
"00027601","FUN_00027601","000173d6","__i686.get_pc_thunk.bx"
"0002764d","FUN_0002764d","000173d6","__i686.get_pc_thunk.bx"
"0002773c","FUN_0002773c","000173d6","__i686.get_pc_thunk.bx"
"000277cc","FUN_000277cc","000173d6","__i686.get_pc_thunk.bx"
"0002784f","FUN_0002784f","000173d6","__i686.get_pc_thunk.bx"
"000278f9","FUN_000278f9","000173d6","__i686.get_pc_thunk.bx"
"000279c3","FUN_000279c3","000173d6","__i686.get_pc_thunk.bx"
"00027a57","FUN_00027a57","000173d6","__i686.get_pc_thunk.bx"
"00027adc","FUN_00027adc","000173d6","__i686.get_pc_thunk.bx"
"00027b63","FUN_00027b63","000173d6","__i686.get_pc_thunk.bx"
"00027baf","FUN_00027baf","00020b5e","FUN_00020b5e"
"00027baf","FUN_00027baf","00032e7a","FUN_00032e7a"
"00027c55","FUN_00027c55","000173d6","__i686.get_pc_thunk.bx"
"00027cd8","FUN_00027cd8","000173d6","__i686.get_pc_thunk.bx"
"00027d5f","FUN_00027d5f","000173d6","__i686.get_pc_thunk.bx"
"00027dc6","FUN_00027dc6","000173d6","__i686.get_pc_thunk.bx"
"00027e92","FUN_00027e92","000173d6","__i686.get_pc_thunk.bx"
"00027f67","FUN_00027f67","000173d6","__i686.get_pc_thunk.bx"
"0002800f","FUN_0002800f","000173d6","__i686.get_pc_thunk.bx"
"000280ca","FUN_000280ca","000173d6","__i686.get_pc_thunk.bx"
"00028165","FUN_00028165","000173d6","__i686.get_pc_thunk.bx"
"00028200","FUN_00028200","000173d6","__i686.get_pc_thunk.bx"
"00028267","FUN_00028267","000173d6","__i686.get_pc_thunk.bx"
"000282cf","FUN_000282cf","000173d6","__i686.get_pc_thunk.bx"
"00028336","FUN_00028336","000173d6","__i686.get_pc_thunk.bx"
"0002838a","FUN_0002838a","000173d6","__i686.get_pc_thunk.bx"
"000283f1","FUN_000283f1","00020b5e","FUN_00020b5e"
"000283f1","FUN_000283f1","00032e7a","FUN_00032e7a"
"00028497","FUN_00028497","000173d6","__i686.get_pc_thunk.bx"
"000284ff","FUN_000284ff","000173d6","__i686.get_pc_thunk.bx"
"00028553","FUN_00028553","000173d6","__i686.get_pc_thunk.bx"
"000285bb","FUN_000285bb","000173d6","__i686.get_pc_thunk.bx"
"00028622","FUN_00028622","000173d6","__i686.get_pc_thunk.bx"
"0002868b","FUN_0002868b","000173d6","__i686.get_pc_thunk.bx"
"000286dd","FUN_000286dd","000173d6","__i686.get_pc_thunk.bx"
"00028745","FUN_00028745","000173d6","__i686.get_pc_thunk.bx"
"000287ac","FUN_000287ac","000173d6","__i686.get_pc_thunk.bx"
"00028849","FUN_00028849","000173d6","__i686.get_pc_thunk.bx"
"000288b1","FUN_000288b1","000173d6","__i686.get_pc_thunk.bx"
"00028905","FUN_00028905","000173d6","__i686.get_pc_thunk.bx"
"00028959","FUN_00028959","000173d6","__i686.get_pc_thunk.bx"
"000289c2","FUN_000289c2","000173d6","__i686.get_pc_thunk.bx"
"00028a16","FUN_00028a16","000173d6","__i686.get_pc_thunk.bx"
"00028a7f","FUN_00028a7f","000173d6","__i686.get_pc_thunk.bx"
"00028ae8","FUN_00028ae8","000173d6","__i686.get_pc_thunk.bx"
"00028b92","FUN_00028b92","000173d6","__i686.get_pc_thunk.bx"
"00028bf9","FUN_00028bf9","000173d6","__i686.get_pc_thunk.bx"
"00028c60","FUN_00028c60","000173d6","__i686.get_pc_thunk.bx"
"00028cc7","FUN_00028cc7","000173d6","__i686.get_pc_thunk.bx"
"00028d2e","FUN_00028d2e","000173d6","__i686.get_pc_thunk.bx"
"00028dbe","FUN_00028dbe","000173d6","__i686.get_pc_thunk.bx"
"00028e45","FUN_00028e45","00020b5e","FUN_00020b5e"
"00028e45","FUN_00028e45","00032e7a","FUN_00032e7a"
"00028eeb","FUN_00028eeb","000173d6","__i686.get_pc_thunk.bx"
"00028f89","FUN_00028f89","00020b5e","FUN_00020b5e"
"00028f89","FUN_00028f89","00032e7a","FUN_00032e7a"
"0002902f","FUN_0002902f","000173d6","__i686.get_pc_thunk.bx"
"000290bf","FUN_000290bf","000173d6","__i686.get_pc_thunk.bx"
"00029146","FUN_00029146","000173d6","__i686.get_pc_thunk.bx"
"00029210","FUN_00029210","000173d6","__i686.get_pc_thunk.bx"
"00029293","FUN_00029293","000173d6","__i686.get_pc_thunk.bx"
"0002931a","FUN_0002931a","000173d6","__i686.get_pc_thunk.bx"
"000293e4","FUN_000293e4","000173d6","__i686.get_pc_thunk.bx"
"00029467","FUN_00029467","000173d6","__i686.get_pc_thunk.bx"
"000294ee","FUN_000294ee","000173d6","__i686.get_pc_thunk.bx"
"0002953a","FUN_0002953a","000173d6","__i686.get_pc_thunk.bx"
"00029599","FUN_00029599","000173d6","__i686.get_pc_thunk.bx"
"000295f8","FUN_000295f8","000173d6","__i686.get_pc_thunk.bx"
"00029657","FUN_00029657","000173d6","__i686.get_pc_thunk.bx"
"000296b6","FUN_000296b6","000173d6","__i686.get_pc_thunk.bx"
"00029715","FUN_00029715","000173d6","__i686.get_pc_thunk.bx"
"00029774","FUN_00029774","000173d6","__i686.get_pc_thunk.bx"
"000297d9","FUN_000297d9","000173d6","__i686.get_pc_thunk.bx"
"00029838","FUN_00029838","00020b5e","FUN_00020b5e"
"00029838","FUN_00029838","00032e7a","FUN_00032e7a"
"000298de","FUN_000298de","000173d6","__i686.get_pc_thunk.bx"
"0002999e","FUN_0002999e","000173d6","__i686.get_pc_thunk.bx"
"00029a05","FUN_00029a05","000173d6","__i686.get_pc_thunk.bx"
"00029a9b","FUN_00029a9b","000173d6","__i686.get_pc_thunk.bx"
"00029b35","FUN_00029b35","000173d6","__i686.get_pc_thunk.bx"
"00029ba5","FUN_00029ba5","000173d6","__i686.get_pc_thunk.bx"
"00029c15","FUN_00029c15","000173d6","__i686.get_pc_thunk.bx"
"00029c7c","FUN_00029c7c","000173d6","__i686.get_pc_thunk.bx"
"00029db2","FUN_00029db2","000173d6","__i686.get_pc_thunk.bx"
"00029e52","FUN_00029e52","000173d6","__i686.get_pc_thunk.bx"
"00029eb9","FUN_00029eb9","000173d6","__i686.get_pc_thunk.bx"
"00029f3a","FUN_00029f3a","000173d6","__i686.get_pc_thunk.bx"
"00029fbb","FUN_00029fbb","000173d6","__i686.get_pc_thunk.bx"
"0002a02b","FUN_0002a02b","000173d6","__i686.get_pc_thunk.bx"
"0002a09b","FUN_0002a09b","000173d6","__i686.get_pc_thunk.bx"
"0002a10c","FUN_0002a10c","000173d6","__i686.get_pc_thunk.bx"
"0002a17c","FUN_0002a17c","000173d6","__i686.get_pc_thunk.bx"
"0002a1ec","FUN_0002a1ec","000173d6","__i686.get_pc_thunk.bx"
"0002a25c","FUN_0002a25c","000173d6","__i686.get_pc_thunk.bx"
"0002a2cc","FUN_0002a2cc","000173d6","__i686.get_pc_thunk.bx"
"0002a33c","FUN_0002a33c","000173d6","__i686.get_pc_thunk.bx"
"0002a3ad","FUN_0002a3ad","000173d6","__i686.get_pc_thunk.bx"
"0002a41e","FUN_0002a41e","000173d6","__i686.get_pc_thunk.bx"
"0002a48e","FUN_0002a48e","000173d6","__i686.get_pc_thunk.bx"
"0002a4fe","FUN_0002a4fe","000173d6","__i686.get_pc_thunk.bx"
"0002a565","FUN_0002a565","000173d6","__i686.get_pc_thunk.bx"
"0002a5cc","FUN_0002a5cc","000173d6","__i686.get_pc_thunk.bx"
"0002a65c","FUN_0002a65c","000173d6","__i686.get_pc_thunk.bx"
"0002a6cc","FUN_0002a6cc","000173d6","__i686.get_pc_thunk.bx"
"0002a767","FUN_0002a767","000173d6","__i686.get_pc_thunk.bx"
"0002a7e1","FUN_0002a7e1","000173d6","__i686.get_pc_thunk.bx"
"0002a851","FUN_0002a851","000173d6","__i686.get_pc_thunk.bx"
"0002a8b8","FUN_0002a8b8","000173d6","__i686.get_pc_thunk.bx"
"0002a941","FUN_0002a941","000173d6","__i686.get_pc_thunk.bx"
"0002a9a8","FUN_0002a9a8","000173d6","__i686.get_pc_thunk.bx"
"0002aa22","FUN_0002aa22","000173d6","__i686.get_pc_thunk.bx"
"0002aa92","FUN_0002aa92","000173d6","__i686.get_pc_thunk.bx"
"0002ab02","FUN_0002ab02","000173d6","__i686.get_pc_thunk.bx"
"0002ab69","FUN_0002ab69","000173d6","__i686.get_pc_thunk.bx"
"0002abe3","FUN_0002abe3","000173d6","__i686.get_pc_thunk.bx"
"0002ac53","FUN_0002ac53","000173d6","__i686.get_pc_thunk.bx"
"0002acc3","FUN_0002acc3","000173d6","__i686.get_pc_thunk.bx"
"0002ad2a","FUN_0002ad2a","000173d6","__i686.get_pc_thunk.bx"
"0002ae00","FUN_0002ae00","000173d6","__i686.get_pc_thunk.bx"
"0002ae67","FUN_0002ae67","000173d6","__i686.get_pc_thunk.bx"
"0002aefe","FUN_0002aefe","000173d6","__i686.get_pc_thunk.bx"
"0002af95","FUN_0002af95","000173d6","__i686.get_pc_thunk.bx"
"0002b02f","FUN_0002b02f","000173d6","__i686.get_pc_thunk.bx"
"0002b116","FUN_0002b116","000173d6","__i686.get_pc_thunk.bx"
"0002b186","FUN_0002b186","000173d6","__i686.get_pc_thunk.bx"
"0002b229","FUN_0002b229","000173d6","__i686.get_pc_thunk.bx"
"0002b343","FUN_0002b343","00020b5e","FUN_00020b5e"
"0002b343","FUN_0002b343","00032e7a","FUN_00032e7a"
"0002b3e9","FUN_0002b3e9","000173d6","__i686.get_pc_thunk.bx"
"0002b4a2","FUN_0002b4a2","000173d6","__i686.get_pc_thunk.bx"
"0002b564","FUN_0002b564","000173d6","__i686.get_pc_thunk.bx"
"0002b638","FUN_0002b638","00020b5e","FUN_00020b5e"
"0002b638","FUN_0002b638","00032e7a","FUN_00032e7a"
"0002b6de","FUN_0002b6de","00020b5e","FUN_00020b5e"
"0002b6de","FUN_0002b6de","00032e7a","FUN_00032e7a"
"0002b784","FUN_0002b784","000173d6","__i686.get_pc_thunk.bx"
"0002b814","FUN_0002b814","000173d6","__i686.get_pc_thunk.bx"
"0002bf38","FUN_0002bf38","000173d6","__i686.get_pc_thunk.bx"
"0002c26e","FUN_0002c26e","00024829","FUN_00024829"
"0002c27e","FUN_0002c27e","00024963","FUN_00024963"
"0002c293","FUN_0002c293","000173d6","__i686.get_pc_thunk.bx"
"0002c379","FUN_0002c379","00019a59","__i686.get_pc_thunk.ax"
"0002c379","FUN_0002c379","00021599","FUN_00021599"
"0002c3a5","FUN_0002c3a5","0001ff5f","FUN_0001ff5f"
"0002c3a5","FUN_0002c3a5","00020ec6","FUN_00020ec6"
"0002c3a5","FUN_0002c3a5","000210ce","FUN_000210ce"
"0002c3a5","FUN_0002c3a5","000216a7","FUN_000216a7"
"0002c3a5","FUN_0002c3a5","0002188c","FUN_0002188c"
"0002c3a5","FUN_0002c3a5","000247cd","FUN_000247cd"
"0002c3a5","FUN_0002c3a5","00024bec","FUN_00024bec"
"0002c3a5","FUN_0002c3a5","0002b814","FUN_0002b814"
"0002c3a5","FUN_0002c3a5","0002c379","FUN_0002c379"
"0002c3fd","FUN_0002c3fd","000173d6","__i686.get_pc_thunk.bx"
"0002c462","FUN_0002c462","000173d6","__i686.get_pc_thunk.bx"
"0002c50c","FUN_0002c50c","00019a59","__i686.get_pc_thunk.ax"
"0002c50c","FUN_0002c50c","0002180d","FUN_0002180d"
"0002c52d","FUN_0002c52d","0001ff02","FUN_0001ff02"
"0002c52d","FUN_0002c52d","00020ee8","FUN_00020ee8"
"0002c52d","FUN_0002c52d","00021115","FUN_00021115"
"0002c52d","FUN_0002c52d","00021540","FUN_00021540"
"0002c52d","FUN_0002c52d","00021941","FUN_00021941"
"0002c52d","FUN_0002c52d","00024808","FUN_00024808"
"0002c52d","FUN_0002c52d","0002bf38","FUN_0002bf38"
"0002c52d","FUN_0002c52d","0002c50c","FUN_0002c50c"
"0002c55c","FUN_0002c55c","000173d6","__i686.get_pc_thunk.bx"
"0002c5f3","FUN_0002c5f3","000173d6","__i686.get_pc_thunk.bx"
"0002c6ad","FUN_0002c6ad","000173d6","__i686.get_pc_thunk.bx"
"0002c76b","FUN_0002c76b","000173d6","__i686.get_pc_thunk.bx"
"0002c836","FUN_0002c836","000173d6","__i686.get_pc_thunk.bx"
"0002c8f4","FUN_0002c8f4","000173d6","__i686.get_pc_thunk.bx"
"0002c982","FUN_0002c982","000173d6","__i686.get_pc_thunk.bx"
"0002ca81","FUN_0002ca81","000173d6","__i686.get_pc_thunk.bx"
"0002cb0f","FUN_0002cb0f","000173d6","__i686.get_pc_thunk.bx"
"0002cc0e","FUN_0002cc0e","000173d6","__i686.get_pc_thunk.bx"
"0002cc6d","FUN_0002cc6d","000173d6","__i686.get_pc_thunk.bx"
"0002ccd4","FUN_0002ccd4","000173d6","__i686.get_pc_thunk.bx"
"0002cd3b","FUN_0002cd3b","000173d6","__i686.get_pc_thunk.bx"
"0002cda2","FUN_0002cda2","000173d6","__i686.get_pc_thunk.bx"
"0002ce5c","FUN_0002ce5c","000173d6","__i686.get_pc_thunk.bx"
"0002cec3","FUN_0002cec3","000173d6","__i686.get_pc_thunk.bx"
"0002cf2a","FUN_0002cf2a","000173d6","__i686.get_pc_thunk.bx"
"0002cf9a","FUN_0002cf9a","000173d6","__i686.get_pc_thunk.bx"
"0002d00a","FUN_0002d00a","000173d6","__i686.get_pc_thunk.bx"
"0002d071","FUN_0002d071","000173d6","__i686.get_pc_thunk.bx"
"0002d0d8","FUN_0002d0d8","000173d6","__i686.get_pc_thunk.bx"
"0002d19b","FUN_0002d19b","000173d6","__i686.get_pc_thunk.bx"
"0002d262","FUN_0002d262","000173d6","__i686.get_pc_thunk.bx"
"0002d329","FUN_0002d329","000173d6","__i686.get_pc_thunk.bx"
"0002d3c0","FUN_0002d3c0","000173d6","__i686.get_pc_thunk.bx"
"0002d4c6","FUN_0002d4c6","000173d6","__i686.get_pc_thunk.bx"
"0002d55d","FUN_0002d55d","000173d6","__i686.get_pc_thunk.bx"
"0002d663","FUN_0002d663","000173d6","__i686.get_pc_thunk.bx"
"0002d6cb","FUN_0002d6cb","000173d6","__i686.get_pc_thunk.bx"
"0002d73b","FUN_0002d73b","000173d6","__i686.get_pc_thunk.bx"
"0002d7ab","FUN_0002d7ab","000173d6","__i686.get_pc_thunk.bx"
"0002d81b","FUN_0002d81b","000173d6","__i686.get_pc_thunk.bx"
"0002d8de","FUN_0002d8de","000173d6","__i686.get_pc_thunk.bx"
"0002d94e","FUN_0002d94e","000173d6","__i686.get_pc_thunk.bx"
"0002d9be","FUN_0002d9be","000173d6","__i686.get_pc_thunk.bx"
"0002da8d","FUN_0002da8d","000173d6","__i686.get_pc_thunk.bx"
"0002db65","FUN_0002db65","00020b5e","FUN_00020b5e"
"0002db65","FUN_0002db65","00032e7a","FUN_00032e7a"
"0002dc5c","FUN_0002dc5c","00020b5e","FUN_00020b5e"
"0002dc5c","FUN_0002dc5c","00032e7a","FUN_00032e7a"
"0002dd5c","FUN_0002dd5c","000173d6","__i686.get_pc_thunk.bx"
"0002ddc8","FUN_0002ddc8","000173d6","__i686.get_pc_thunk.bx"
"0002deae","FUN_0002deae","000173d6","__i686.get_pc_thunk.bx"
"0002df15","FUN_0002df15","000173d6","__i686.get_pc_thunk.bx"
"0002dfa3","FUN_0002dfa3","000173d6","__i686.get_pc_thunk.bx"
"0002e031","FUN_0002e031","000173d6","__i686.get_pc_thunk.bx"
"0002e1a4","FUN_0002e1a4","000173d6","__i686.get_pc_thunk.bx"
"0002e23d","FUN_0002e23d","000173d6","__i686.get_pc_thunk.bx"
"0002e2d8","FUN_0002e2d8","000173d6","__i686.get_pc_thunk.bx"
"0002e364","FUN_0002e364","000173d6","__i686.get_pc_thunk.bx"
"0002e3d4","FUN_0002e3d4","000173d6","__i686.get_pc_thunk.bx"
"0002e444","FUN_0002e444","000173d6","__i686.get_pc_thunk.bx"
"0002e4a3","FUN_0002e4a3","000173d6","__i686.get_pc_thunk.bx"
"0002e517","FUN_0002e517","000173d6","__i686.get_pc_thunk.bx"
"0002e5b0","FUN_0002e5b0","000173d6","__i686.get_pc_thunk.bx"
"0002e624","FUN_0002e624","000173d6","__i686.get_pc_thunk.bx"
"0002e6bd","FUN_0002e6bd","000173d6","__i686.get_pc_thunk.bx"
"0002e737","FUN_0002e737","000173d6","__i686.get_pc_thunk.bx"
"0002e796","FUN_0002e796","000173d6","__i686.get_pc_thunk.bx"
"0002e7f5","FUN_0002e7f5","000173d6","__i686.get_pc_thunk.bx"
"0002e854","FUN_0002e854","000173d6","__i686.get_pc_thunk.bx"
"0002e8b3","FUN_0002e8b3","000173d6","__i686.get_pc_thunk.bx"
"0002e923","FUN_0002e923","000173d6","__i686.get_pc_thunk.bx"
"0002e982","FUN_0002e982","000173d6","__i686.get_pc_thunk.bx"
"0002e9f2","FUN_0002e9f2","000173d6","__i686.get_pc_thunk.bx"
"0002ea51","FUN_0002ea51","000173d6","__i686.get_pc_thunk.bx"
"0002eab0","FUN_0002eab0","000173d6","__i686.get_pc_thunk.bx"
"0002eb20","FUN_0002eb20","000173d6","__i686.get_pc_thunk.bx"
"0002eb90","FUN_0002eb90","000173d6","__i686.get_pc_thunk.bx"
"0002ebef","FUN_0002ebef","000173d6","__i686.get_pc_thunk.bx"
"0002ec5f","FUN_0002ec5f","000173d6","__i686.get_pc_thunk.bx"
"0002ecbe","FUN_0002ecbe","000173d6","__i686.get_pc_thunk.bx"
"0002ed38","FUN_0002ed38","000173d6","__i686.get_pc_thunk.bx"
"0002ed9f","FUN_0002ed9f","000173d6","__i686.get_pc_thunk.bx"
"0002ee0f","FUN_0002ee0f","000173d6","__i686.get_pc_thunk.bx"
"0002eee0","FUN_0002eee0","000173d6","__i686.get_pc_thunk.bx"
"0002ef50","FUN_0002ef50","000173d6","__i686.get_pc_thunk.bx"
"0002efb7","FUN_0002efb7","000173d6","__i686.get_pc_thunk.bx"
"0002f043","FUN_0002f043","000173d6","__i686.get_pc_thunk.bx"
"0002f0a2","FUN_0002f0a2","000173d6","__i686.get_pc_thunk.bx"
"0002f101","FUN_0002f101","00032e7a","FUN_00032e7a"
"0002f1a7","FUN_0002f1a7","000173d6","__i686.get_pc_thunk.bx"
"0002f206","FUN_0002f206","000173d6","__i686.get_pc_thunk.bx"
"0002f265","FUN_0002f265","000173d6","__i686.get_pc_thunk.bx"
"0002f364","FUN_0002f364","000173d6","__i686.get_pc_thunk.bx"
"0002f406","FUN_0002f406","000173d6","__i686.get_pc_thunk.bx"
"0002f480","FUN_0002f480","000173d6","__i686.get_pc_thunk.bx"
"0002f54a","FUN_0002f54a","000173d6","__i686.get_pc_thunk.bx"
"0002f5bb","FUN_0002f5bb","000173d6","__i686.get_pc_thunk.bx"
"0002f62b","FUN_0002f62b","000173d6","__i686.get_pc_thunk.bx"
"0002f692","FUN_0002f692","000173d6","__i686.get_pc_thunk.bx"
"0002f702","FUN_0002f702","000173d6","__i686.get_pc_thunk.bx"
"0002f761","FUN_0002f761","000173d6","__i686.get_pc_thunk.bx"
"0002f7d1","FUN_0002f7d1","000173d6","__i686.get_pc_thunk.bx"
"0002f830","FUN_0002f830","000173d6","__i686.get_pc_thunk.bx"
"0002f8be","FUN_0002f8be","000173d6","__i686.get_pc_thunk.bx"
"0002f9bd","FUN_0002f9bd","000173d6","__i686.get_pc_thunk.bx"
"0002fa37","FUN_0002fa37","000173d6","__i686.get_pc_thunk.bx"
"0002fb07","FUN_0002fb07","000173d6","__i686.get_pc_thunk.bx"
"0002fb6e","FUN_0002fb6e","000173d6","__i686.get_pc_thunk.bx"
"0002fbfe","FUN_0002fbfe","000173d6","__i686.get_pc_thunk.bx"
"0002fc78","FUN_0002fc78","000173d6","__i686.get_pc_thunk.bx"
"0002fcd7","FUN_0002fcd7","000173d6","__i686.get_pc_thunk.bx"
"0002fd36","FUN_0002fd36","000173d6","__i686.get_pc_thunk.bx"
"0002fdda","FUN_0002fdda","00019a5d","__i686.get_pc_thunk.si"
"0002fdda","FUN_0002fdda","00020b5e","FUN_00020b5e"
"0002ff73","FUN_0002ff73","000173d6","__i686.get_pc_thunk.bx"
"0003007f","FUN_0003007f","000173d6","__i686.get_pc_thunk.bx"
"000300ef","FUN_000300ef","000173d6","__i686.get_pc_thunk.bx"
"0003015f","FUN_0003015f","000173d6","__i686.get_pc_thunk.bx"
"000301cf","FUN_000301cf","000173d6","__i686.get_pc_thunk.bx"
"00030278","FUN_00030278","000173d6","__i686.get_pc_thunk.bx"
"000302e8","FUN_000302e8","000173d6","__i686.get_pc_thunk.bx"
"00030372","FUN_00030372","000173d6","__i686.get_pc_thunk.bx"
"000303fc","FUN_000303fc","000173d6","__i686.get_pc_thunk.bx"
"00030476","FUN_00030476","000173d6","__i686.get_pc_thunk.bx"
"000304f0","FUN_000304f0","000173d6","__i686.get_pc_thunk.bx"
"0003056b","FUN_0003056b","000173d6","__i686.get_pc_thunk.bx"
"000305e5","FUN_000305e5","000173d6","__i686.get_pc_thunk.bx"
"0003065f","FUN_0003065f","000173d6","__i686.get_pc_thunk.bx"
"000306d9","FUN_000306d9","000173d6","__i686.get_pc_thunk.bx"
"00030753","FUN_00030753","000173d6","__i686.get_pc_thunk.bx"
"000307cd","FUN_000307cd","000173d6","__i686.get_pc_thunk.bx"
"00030848","FUN_00030848","000173d6","__i686.get_pc_thunk.bx"
"000308c3","FUN_000308c3","000173d6","__i686.get_pc_thunk.bx"
"00030933","FUN_00030933","000173d6","__i686.get_pc_thunk.bx"
"000309a3","FUN_000309a3","000173d6","__i686.get_pc_thunk.bx"
"00030a3d","FUN_00030a3d","000173d6","__i686.get_pc_thunk.bx"
"00030ab7","FUN_00030ab7","000173d6","__i686.get_pc_thunk.bx"
"00030b5b","FUN_00030b5b","000173d6","__i686.get_pc_thunk.bx"
"00030bde","FUN_00030bde","000173d6","__i686.get_pc_thunk.bx"
"00030c78","FUN_00030c78","000173d6","__i686.get_pc_thunk.bx"
"00030d04","FUN_00030d04","000173d6","__i686.get_pc_thunk.bx"
"00030db8","FUN_00030db8","000173d6","__i686.get_pc_thunk.bx"
"00030e8b","FUN_00030e8b","000173d6","__i686.get_pc_thunk.bx"
"00030f28","FUN_00030f28","000173d6","__i686.get_pc_thunk.bx"
"00030fb6","FUN_00030fb6","000173d6","__i686.get_pc_thunk.bx"
"00031046","FUN_00031046","000173d6","__i686.get_pc_thunk.bx"
"000310a5","FUN_000310a5","00020b5e","FUN_00020b5e"
"000310a5","FUN_000310a5","00032e7a","FUN_00032e7a"
"00031154","FUN_00031154","000173d6","__i686.get_pc_thunk.bx"
"000311e0","FUN_000311e0","000173d6","__i686.get_pc_thunk.bx"
"00031291","FUN_00031291","000173d6","__i686.get_pc_thunk.bx"
"0003130b","FUN_0003130b","000173d6","__i686.get_pc_thunk.bx"
"0003136a","FUN_0003136a","000173d6","__i686.get_pc_thunk.bx"
"000313c9","FUN_000313c9","000173d6","__i686.get_pc_thunk.bx"
"00031430","FUN_00031430","000173d6","__i686.get_pc_thunk.bx"
"000314a1","FUN_000314a1","000173d6","__i686.get_pc_thunk.bx"
"00031538","FUN_00031538","000173d6","__i686.get_pc_thunk.bx"
"0003164d","FUN_0003164d","000173d6","__i686.get_pc_thunk.bx"
"000316be","FUN_000316be","000173d6","__i686.get_pc_thunk.bx"
"0003171d","FUN_0003171d","00019a5d","__i686.get_pc_thunk.si"
"0003171d","FUN_0003171d","00020b5e","FUN_00020b5e"
"00031805","FUN_00031805","000173d6","__i686.get_pc_thunk.bx"
"00031864","FUN_00031864","000173d6","__i686.get_pc_thunk.bx"
"000318d4","FUN_000318d4","000173d6","__i686.get_pc_thunk.bx"
"00031945","FUN_00031945","000173d6","__i686.get_pc_thunk.bx"
"000319e0","FUN_000319e0","000173d6","__i686.get_pc_thunk.bx"
"00031a47","FUN_00031a47","000173d6","__i686.get_pc_thunk.bx"
"00031b12","FUN_00031b12","000173d6","__i686.get_pc_thunk.bx"
"00031b79","FUN_00031b79","000173d6","__i686.get_pc_thunk.bx"
"00031c14","FUN_00031c14","000173d6","__i686.get_pc_thunk.bx"
"00031c8e","FUN_00031c8e","000173d6","__i686.get_pc_thunk.bx"
"00031d09","FUN_00031d09","000173d6","__i686.get_pc_thunk.bx"
"00031dbe","FUN_00031dbe","000173d6","__i686.get_pc_thunk.bx"
"00031e2e","FUN_00031e2e","000173d6","__i686.get_pc_thunk.bx"
"00031e9f","FUN_00031e9f","000173d6","__i686.get_pc_thunk.bx"
"00031f2d","FUN_00031f2d","000173d6","__i686.get_pc_thunk.bx"
"00031fc7","FUN_00031fc7","000173d6","__i686.get_pc_thunk.bx"
"0003202e","FUN_0003202e","000173d6","__i686.get_pc_thunk.bx"
"0003212d","FUN_0003212d","000173d6","__i686.get_pc_thunk.bx"
"0003222c","FUN_0003222c","000173d6","__i686.get_pc_thunk.bx"
"0003228b","FUN_0003228b","000173d6","__i686.get_pc_thunk.bx"
"000322fc","FUN_000322fc","000173d6","__i686.get_pc_thunk.bx"
"0003235b","FUN_0003235b","000173d6","__i686.get_pc_thunk.bx"
"000323ba","FUN_000323ba","000173d6","__i686.get_pc_thunk.bx"
"00032419","FUN_00032419","000173d6","__i686.get_pc_thunk.bx"
"00032478","FUN_00032478","000173d6","__i686.get_pc_thunk.bx"
"000324dd","FUN_000324dd","000173d6","__i686.get_pc_thunk.bx"
"00032542","FUN_00032542","000173d6","__i686.get_pc_thunk.bx"
"000325b2","FUN_000325b2","000173d6","__i686.get_pc_thunk.bx"
"00032622","FUN_00032622","000173d6","__i686.get_pc_thunk.bx"
"000326ec","FUN_000326ec","000173d6","__i686.get_pc_thunk.bx"
"000327b6","FUN_000327b6","000173d6","__i686.get_pc_thunk.bx"
"0003281d","FUN_0003281d","000173d6","__i686.get_pc_thunk.bx"
"0003288d","FUN_0003288d","000173d6","__i686.get_pc_thunk.bx"
"000328f4","FUN_000328f4","000173d6","__i686.get_pc_thunk.bx"
"0003295b","FUN_0003295b","000173d6","__i686.get_pc_thunk.bx"
"000329c2","FUN_000329c2","000173d6","__i686.get_pc_thunk.bx"
"00032a32","FUN_00032a32","000173d6","__i686.get_pc_thunk.bx"
"00032a91","FUN_00032a91","000173d6","__i686.get_pc_thunk.bx"
"00032b02","FUN_00032b02","000173d6","__i686.get_pc_thunk.bx"
"00032b6a","FUN_00032b6a","000173d6","__i686.get_pc_thunk.bx"
"00032bdb","FUN_00032bdb","000173d6","__i686.get_pc_thunk.bx"
"00032c55","FUN_00032c55","000173d6","__i686.get_pc_thunk.bx"
"00032ccf","FUN_00032ccf","000173d6","__i686.get_pc_thunk.bx"
"00032d69","FUN_00032d69","000173d6","__i686.get_pc_thunk.bx"
"00032dd0","FUN_00032dd0","000173d6","__i686.get_pc_thunk.bx"
"00032ec4","FUN_00032ec4","000173d6","__i686.get_pc_thunk.bx"
"00032f5a","FUN_00032f5a","000173d6","__i686.get_pc_thunk.bx"
"00032fa0","FUN_00032fa0","000173d6","__i686.get_pc_thunk.bx"
"00033048","FUN_00033048","000173d6","__i686.get_pc_thunk.bx"
"0003306c","FUN_0003306c","000173d6","__i686.get_pc_thunk.bx"
"00033090","FUN_00033090","000173d6","__i686.get_pc_thunk.bx"
"000330bc","FUN_000330bc","000173d6","__i686.get_pc_thunk.bx"
"0003310b","FUN_0003310b","000173d6","__i686.get_pc_thunk.bx"
"0003314e","FUN_0003314e","000173d6","__i686.get_pc_thunk.bx"
"000331a2","FUN_000331a2","000173d6","__i686.get_pc_thunk.bx"
"000331c6","FUN_000331c6","000173d6","__i686.get_pc_thunk.bx"
"000331ea","FUN_000331ea","000173d6","__i686.get_pc_thunk.bx"
"0003322a","FUN_0003322a","000173d6","__i686.get_pc_thunk.bx"
"00033269","FUN_00033269","00016300","nanosleep"
"00033269","FUN_00033269","000166f0","__errno_location"
"00033269","FUN_00033269","00019a59","__i686.get_pc_thunk.ax"
"00033269","FUN_00033269","0001fc1c","FUN_0001fc1c"
"00033269","FUN_00033269","0001fc2f","FUN_0001fc2f"
"00033269","FUN_00033269","0001fdbe","FUN_0001fdbe"
"000333b8","FUN_000333b8","000162c0","~_Function_base"
"000333b8","FUN_000333b8","00016590","_M_set_result"
"000333b8","FUN_000333b8","00019a5d","__i686.get_pc_thunk.si"
"00033424","FUN_00033424","000173d6","__i686.get_pc_thunk.bx"
"0003348e","FUN_0003348e","00016210","_S_copy"
"0003348e","FUN_0003348e","00032e7a","FUN_00032e7a"
"0003348e","FUN_0003348e","0003314e","FUN_0003314e"
"000334f4","FUN_000334f4","000173d6","__i686.get_pc_thunk.bx"
"00033542","FUN_00033542","000173d6","__i686.get_pc_thunk.bx"
"00033572","FUN_00033572","000334f4","FUN_000334f4"
"00033580","FUN_00033580","000173d6","__i686.get_pc_thunk.bx"
"000335ba","FUN_000335ba","000173d6","__i686.get_pc_thunk.bx"
"000335ea","FUN_000335ea","00033580","FUN_00033580"
"000335f4","FUN_000335f4","000173d6","__i686.get_pc_thunk.bx"
"00033691","FUN_00033691","00016130","string"
"00033691","FUN_00033691","00016170","_M_dispose"
"00033691","FUN_00033691","00016230","__to_chars_len<unsigned_int>"
"00033691","FUN_00033691","00016340","_M_construct"
"00033691","FUN_00033691","00016760","_M_assign"
"00033691","FUN_00033691","000167c0","__to_chars_10_impl<unsigned_int>"
"00033691","FUN_00033691","00019a59","__i686.get_pc_thunk.ax"
"00033691","FUN_00033691","0001a3ca","FUN_0001a3ca"
"00033691","FUN_00033691","0001ae64","FUN_0001ae64"
"00033691","FUN_00033691","0001e31d","FUN_0001e31d"
"00033691","FUN_00033691","0001f10c","FUN_0001f10c"
"00033691","FUN_00033691","0001f3ea","FUN_0001f3ea"
"00033691","FUN_00033691","00033424","FUN_00033424"
"00033691","FUN_00033691","000335f4","FUN_000335f4"
"00033691","FUN_00033691","000373be","FUN_000373be"
"00033691","FUN_00033691","0003745a","FUN_0003745a"
"00033691","FUN_00033691","00037562","FUN_00037562"
"00033691","FUN_00033691","00037ae4","FUN_00037ae4"
"00033a7b","FUN_00033a7b","00016130","string"
"00033a7b","FUN_00033a7b","00016170","_M_dispose"
"00033a7b","FUN_00033a7b","00019a59","__i686.get_pc_thunk.ax"
"00033a7b","FUN_00033a7b","0001a3ca","FUN_0001a3ca"
"00033a7b","FUN_00033a7b","0001ae64","FUN_0001ae64"
"00033a7b","FUN_00033a7b","0001e31d","FUN_0001e31d"
"00033a7b","FUN_00033a7b","0001f10c","FUN_0001f10c"
"00033a7b","FUN_00033a7b","0001f3ea","FUN_0001f3ea"
"00033a7b","FUN_00033a7b","0001f4cc","FUN_0001f4cc"
"00033a7b","FUN_00033a7b","00033424","FUN_00033424"
"00033a7b","FUN_00033a7b","000373be","FUN_000373be"
"00033a7b","FUN_00033a7b","0003745a","FUN_0003745a"
"00033a7b","FUN_00033a7b","00037562","FUN_00037562"
"00033a7b","FUN_00033a7b","00037ae4","FUN_00037ae4"
"00033cf9","FUN_00033cf9","00016130","string"
"00033cf9","FUN_00033cf9","00016170","_M_dispose"
"00033cf9","FUN_00033cf9","00019a59","__i686.get_pc_thunk.ax"
"00033cf9","FUN_00033cf9","0001a3ca","FUN_0001a3ca"
"00033cf9","FUN_00033cf9","0001ae64","FUN_0001ae64"
"00033cf9","FUN_00033cf9","0001e31d","FUN_0001e31d"
"00033cf9","FUN_00033cf9","0001f10c","FUN_0001f10c"
"00033cf9","FUN_00033cf9","0001f3ea","FUN_0001f3ea"
"00033cf9","FUN_00033cf9","0001f4cc","FUN_0001f4cc"
"00033cf9","FUN_00033cf9","00033424","FUN_00033424"
"00033cf9","FUN_00033cf9","000373be","FUN_000373be"
"00033cf9","FUN_00033cf9","0003745a","FUN_0003745a"
"00033cf9","FUN_00033cf9","00037562","FUN_00037562"
"00033cf9","FUN_00033cf9","00037ae4","FUN_00037ae4"
"00033f78","FUN_00033f78","00016130","string"
"00033f78","FUN_00033f78","00016170","_M_dispose"
"00033f78","FUN_00033f78","00019a59","__i686.get_pc_thunk.ax"
"00033f78","FUN_00033f78","0001a3ca","FUN_0001a3ca"
"00033f78","FUN_00033f78","0001ae64","FUN_0001ae64"
"00033f78","FUN_00033f78","0001e31d","FUN_0001e31d"
"00033f78","FUN_00033f78","0001f10c","FUN_0001f10c"
"00033f78","FUN_00033f78","0001f3ea","FUN_0001f3ea"
"00033f78","FUN_00033f78","0001f4cc","FUN_0001f4cc"
"00033f78","FUN_00033f78","00033424","FUN_00033424"
"00033f78","FUN_00033f78","000373be","FUN_000373be"
"00033f78","FUN_00033f78","0003745a","FUN_0003745a"
"00033f78","FUN_00033f78","00037562","FUN_00037562"
"00033f78","FUN_00033f78","00037ae4","FUN_00037ae4"
"000341f9","FUN_000341f9","00016130","string"
"000341f9","FUN_000341f9","00016170","_M_dispose"
"000341f9","FUN_000341f9","00019a59","__i686.get_pc_thunk.ax"
"000341f9","FUN_000341f9","0001a3ca","FUN_0001a3ca"
"000341f9","FUN_000341f9","0001ae64","FUN_0001ae64"
"000341f9","FUN_000341f9","0001e31d","FUN_0001e31d"
"000341f9","FUN_000341f9","0001f10c","FUN_0001f10c"
"000341f9","FUN_000341f9","0001f3ea","FUN_0001f3ea"
"000341f9","FUN_000341f9","00033424","FUN_00033424"
"000341f9","FUN_000341f9","0003724c","FUN_0003724c"
"000341f9","FUN_000341f9","000373be","FUN_000373be"
"000341f9","FUN_000341f9","0003745a","FUN_0003745a"
"000341f9","FUN_000341f9","00037562","FUN_00037562"
"000341f9","FUN_000341f9","00037ae4","FUN_00037ae4"
"000344bb","FUN_000344bb","00016130","string"
"000344bb","FUN_000344bb","00016170","_M_dispose"
"000344bb","FUN_000344bb","00019a59","__i686.get_pc_thunk.ax"
"000344bb","FUN_000344bb","0001a3ca","FUN_0001a3ca"
"000344bb","FUN_000344bb","0001ae64","FUN_0001ae64"
"000344bb","FUN_000344bb","0001e31d","FUN_0001e31d"
"000344bb","FUN_000344bb","0001f10c","FUN_0001f10c"
"000344bb","FUN_000344bb","0001f3ea","FUN_0001f3ea"
"000344bb","FUN_000344bb","00033424","FUN_00033424"
"000344bb","FUN_000344bb","0003724c","FUN_0003724c"
"000344bb","FUN_000344bb","000373be","FUN_000373be"
"000344bb","FUN_000344bb","0003745a","FUN_0003745a"
"000344bb","FUN_000344bb","00037562","FUN_00037562"
"000344bb","FUN_000344bb","00037ae4","FUN_00037ae4"
"000347bd","FUN_000347bd","00016130","string"
"000347bd","FUN_000347bd","00016170","_M_dispose"
"000347bd","FUN_000347bd","00019a59","__i686.get_pc_thunk.ax"
"000347bd","FUN_000347bd","0001a3ca","FUN_0001a3ca"
"000347bd","FUN_000347bd","0001ae64","FUN_0001ae64"
"000347bd","FUN_000347bd","0001e31d","FUN_0001e31d"
"000347bd","FUN_000347bd","0001f10c","FUN_0001f10c"
"000347bd","FUN_000347bd","0001f3ea","FUN_0001f3ea"
"000347bd","FUN_000347bd","00033424","FUN_00033424"
"000347bd","FUN_000347bd","0003724c","FUN_0003724c"
"000347bd","FUN_000347bd","000373be","FUN_000373be"
"000347bd","FUN_000347bd","0003745a","FUN_0003745a"
"000347bd","FUN_000347bd","00037562","FUN_00037562"
"000347bd","FUN_000347bd","00037ae4","FUN_00037ae4"
"00034b32","FUN_00034b32","00016130","string"
"00034b32","FUN_00034b32","00016170","_M_dispose"
"00034b32","FUN_00034b32","00019a59","__i686.get_pc_thunk.ax"
"00034b32","FUN_00034b32","0001a3ca","FUN_0001a3ca"
"00034b32","FUN_00034b32","0001ae64","FUN_0001ae64"
"00034b32","FUN_00034b32","0001e31d","FUN_0001e31d"
"00034b32","FUN_00034b32","0001f10c","FUN_0001f10c"
"00034b32","FUN_00034b32","0001f3ea","FUN_0001f3ea"
"00034b32","FUN_00034b32","00033424","FUN_00033424"
"00034b32","FUN_00034b32","0003724c","FUN_0003724c"
"00034b32","FUN_00034b32","000373be","FUN_000373be"
"00034b32","FUN_00034b32","0003745a","FUN_0003745a"
"00034b32","FUN_00034b32","00037562","FUN_00037562"
"00034b32","FUN_00034b32","00037ae4","FUN_00037ae4"
"00034dd9","FUN_00034dd9","00016130","string"
"00034dd9","FUN_00034dd9","00016170","_M_dispose"
"00034dd9","FUN_00034dd9","000163f0","_Unwind_Resume"
"00034dd9","FUN_00034dd9","00019a59","__i686.get_pc_thunk.ax"
"00034dd9","FUN_00034dd9","0001a3ca","FUN_0001a3ca"
"00034dd9","FUN_00034dd9","0001ae64","FUN_0001ae64"
"00034dd9","FUN_00034dd9","0001e31d","FUN_0001e31d"
"00034dd9","FUN_00034dd9","0001f10c","FUN_0001f10c"
"00034dd9","FUN_00034dd9","0001f3ea","FUN_0001f3ea"
"00034dd9","FUN_00034dd9","00033424","FUN_00033424"
"00034dd9","FUN_00034dd9","0003724c","FUN_0003724c"
"00034dd9","FUN_00034dd9","000373be","FUN_000373be"
"00034dd9","FUN_00034dd9","0003745a","FUN_0003745a"
"00034dd9","FUN_00034dd9","00037562","FUN_00037562"
"00034dd9","FUN_00034dd9","00037ae4","FUN_00037ae4"
"00035088","FUN_00035088","00016130","string"
"00035088","FUN_00035088","00016170","_M_dispose"
"00035088","FUN_00035088","000163f0","_Unwind_Resume"
"00035088","FUN_00035088","00019a59","__i686.get_pc_thunk.ax"
"00035088","FUN_00035088","0001a3ca","FUN_0001a3ca"
"00035088","FUN_00035088","0001ae64","FUN_0001ae64"
"00035088","FUN_00035088","0001e31d","FUN_0001e31d"
"00035088","FUN_00035088","0001f10c","FUN_0001f10c"
"00035088","FUN_00035088","0001f3ea","FUN_0001f3ea"
"00035088","FUN_00035088","00033424","FUN_00033424"
"00035088","FUN_00035088","0003724c","FUN_0003724c"
"00035088","FUN_00035088","000373be","FUN_000373be"
"00035088","FUN_00035088","0003745a","FUN_0003745a"
"00035088","FUN_00035088","00037562","FUN_00037562"
"00035088","FUN_00035088","00037ae4","FUN_00037ae4"
"00035363","FUN_00035363","00016130","string"
"00035363","FUN_00035363","00016170","_M_dispose"
"00035363","FUN_00035363","00019a59","__i686.get_pc_thunk.ax"
"00035363","FUN_00035363","0001a3ca","FUN_0001a3ca"
"00035363","FUN_00035363","0001ae64","FUN_0001ae64"
"00035363","FUN_00035363","0001e31d","FUN_0001e31d"
"00035363","FUN_00035363","0001f10c","FUN_0001f10c"
"00035363","FUN_00035363","0001f3ea","FUN_0001f3ea"
"00035363","FUN_00035363","00033424","FUN_00033424"
"00035363","FUN_00035363","0003724c","FUN_0003724c"
"00035363","FUN_00035363","000373be","FUN_000373be"
"00035363","FUN_00035363","0003745a","FUN_0003745a"
"00035363","FUN_00035363","00037562","FUN_00037562"
"00035363","FUN_00035363","00037ae4","FUN_00037ae4"
"00035691","FUN_00035691","00016130","string"
"00035691","FUN_00035691","00016170","_M_dispose"
"00035691","FUN_00035691","000163f0","_Unwind_Resume"
"00035691","FUN_00035691","00019a59","__i686.get_pc_thunk.ax"
"00035691","FUN_00035691","0001a3ca","FUN_0001a3ca"
"00035691","FUN_00035691","0001ae64","FUN_0001ae64"
"00035691","FUN_00035691","0001e31d","FUN_0001e31d"
"00035691","FUN_00035691","0001f10c","FUN_0001f10c"
"00035691","FUN_00035691","0001f3ea","FUN_0001f3ea"
"00035691","FUN_00035691","00033424","FUN_00033424"
"00035691","FUN_00035691","0003724c","FUN_0003724c"
"00035691","FUN_00035691","000373be","FUN_000373be"
"00035691","FUN_00035691","0003745a","FUN_0003745a"
"00035691","FUN_00035691","00037562","FUN_00037562"
"00035691","FUN_00035691","00037ae4","FUN_00037ae4"
"0003598a","FUN_0003598a","00016130","string"
"0003598a","FUN_0003598a","00016170","_M_dispose"
"0003598a","FUN_0003598a","000163f0","_Unwind_Resume"
"0003598a","FUN_0003598a","00019a59","__i686.get_pc_thunk.ax"
"0003598a","FUN_0003598a","0001a3ca","FUN_0001a3ca"
"0003598a","FUN_0003598a","0001ae64","FUN_0001ae64"
"0003598a","FUN_0003598a","0001e31d","FUN_0001e31d"
"0003598a","FUN_0003598a","0001f10c","FUN_0001f10c"
"0003598a","FUN_0003598a","0001f3ea","FUN_0001f3ea"
"0003598a","FUN_0003598a","00033424","FUN_00033424"
"0003598a","FUN_0003598a","0003724c","FUN_0003724c"
"0003598a","FUN_0003598a","000373be","FUN_000373be"
"0003598a","FUN_0003598a","0003745a","FUN_0003745a"
"0003598a","FUN_0003598a","00037562","FUN_00037562"
"0003598a","FUN_0003598a","00037ae4","FUN_00037ae4"
"00035c8d","FUN_00035c8d","00016130","string"
"00035c8d","FUN_00035c8d","00016170","_M_dispose"
"00035c8d","FUN_00035c8d","00019a59","__i686.get_pc_thunk.ax"
"00035c8d","FUN_00035c8d","0001a3ca","FUN_0001a3ca"
"00035c8d","FUN_00035c8d","0001ae64","FUN_0001ae64"
"00035c8d","FUN_00035c8d","0001e31d","FUN_0001e31d"
"00035c8d","FUN_00035c8d","0001f10c","FUN_0001f10c"
"00035c8d","FUN_00035c8d","0001f3ea","FUN_0001f3ea"
"00035c8d","FUN_00035c8d","00033424","FUN_00033424"
"00035c8d","FUN_00035c8d","0003724c","FUN_0003724c"
"00035c8d","FUN_00035c8d","000373be","FUN_000373be"
"00035c8d","FUN_00035c8d","0003745a","FUN_0003745a"
"00035c8d","FUN_00035c8d","00037562","FUN_00037562"
"00035c8d","FUN_00035c8d","00037ae4","FUN_00037ae4"
"00035f5e","FUN_00035f5e","00016130","string"
"00035f5e","FUN_00035f5e","00016170","_M_dispose"
"00035f5e","FUN_00035f5e","00019a59","__i686.get_pc_thunk.ax"
"00035f5e","FUN_00035f5e","0001a3ca","FUN_0001a3ca"
"00035f5e","FUN_00035f5e","0001ae64","FUN_0001ae64"
"00035f5e","FUN_00035f5e","0001e31d","FUN_0001e31d"
"00035f5e","FUN_00035f5e","0001f10c","FUN_0001f10c"
"00035f5e","FUN_00035f5e","0001f3ea","FUN_0001f3ea"
"00035f5e","FUN_00035f5e","00033424","FUN_00033424"
"00035f5e","FUN_00035f5e","0003724c","FUN_0003724c"
"00035f5e","FUN_00035f5e","000373be","FUN_000373be"
"00035f5e","FUN_00035f5e","0003745a","FUN_0003745a"
"00035f5e","FUN_00035f5e","00037562","FUN_00037562"
"00035f5e","FUN_00035f5e","00037ae4","FUN_00037ae4"
"00036221","FUN_00036221","00016130","string"
"00036221","FUN_00036221","00016170","_M_dispose"
"00036221","FUN_00036221","00019a59","__i686.get_pc_thunk.ax"
"00036221","FUN_00036221","0001a3ca","FUN_0001a3ca"
"00036221","FUN_00036221","0001ae64","FUN_0001ae64"
"00036221","FUN_00036221","0001e31d","FUN_0001e31d"
"00036221","FUN_00036221","0001f10c","FUN_0001f10c"
"00036221","FUN_00036221","0001f3ea","FUN_0001f3ea"
"00036221","FUN_00036221","00033424","FUN_00033424"
"00036221","FUN_00036221","0003724c","FUN_0003724c"
"00036221","FUN_00036221","000373be","FUN_000373be"
"00036221","FUN_00036221","0003745a","FUN_0003745a"
"00036221","FUN_00036221","00037562","FUN_00037562"
"00036221","FUN_00036221","00037ae4","FUN_00037ae4"
"00036523","FUN_00036523","00016130","string"
"00036523","FUN_00036523","00016170","_M_dispose"
"00036523","FUN_00036523","00019a59","__i686.get_pc_thunk.ax"
"00036523","FUN_00036523","0001a3ca","FUN_0001a3ca"
"00036523","FUN_00036523","0001ae64","FUN_0001ae64"
"00036523","FUN_00036523","0001e31d","FUN_0001e31d"
"00036523","FUN_00036523","0001f10c","FUN_0001f10c"
"00036523","FUN_00036523","0001f3ea","FUN_0001f3ea"
"00036523","FUN_00036523","00033424","FUN_00033424"
"00036523","FUN_00036523","0003724c","FUN_0003724c"
"00036523","FUN_00036523","000373be","FUN_000373be"
"00036523","FUN_00036523","0003745a","FUN_0003745a"
"00036523","FUN_00036523","00037562","FUN_00037562"
"00036523","FUN_00036523","00037ae4","FUN_00037ae4"
"00036824","FUN_00036824","000162c0","~_Function_base"
"00036824","FUN_00036824","00016590","_M_set_result"
"00036824","FUN_00036824","00019a59","__i686.get_pc_thunk.ax"
"00036910","FUN_00036910","000160c0","__throw_future_error"
"00036910","FUN_00036910","00016130","string"
"00036910","FUN_00036910","00016170","_M_dispose"
"00036910","FUN_00036910","00016260","_Result_base"
"00036910","FUN_00036910","000162b0","terminate"
"00036910","FUN_00036910","000163f0","_Unwind_Resume"
"00036910","FUN_00036910","00016630","~__shared_count"
"00036910","FUN_00036910","000166e0","operator.new"
"00036910","FUN_00036910","00016710","~unique_ptr"
"00036910","FUN_00036910","00016760","_M_assign"
"00036910","FUN_00036910","00016770","_M_replace"
"00036910","FUN_00036910","00016820","_M_start_thread"
"00036910","FUN_00036910","00019a59","__i686.get_pc_thunk.ax"
"00036910","FUN_00036910","0001a3ca","FUN_0001a3ca"
"00036910","FUN_00036910","0001ae64","FUN_0001ae64"
"00036910","FUN_00036910","0001e31d","FUN_0001e31d"
"00036910","FUN_00036910","0001f10c","FUN_0001f10c"
"00036910","FUN_00036910","0001f3ea","FUN_0001f3ea"
"00036910","FUN_00036910","00033424","FUN_00033424"
"00036910","FUN_00036910","000373be","FUN_000373be"
"00036910","FUN_00036910","0003745a","FUN_0003745a"
"00036910","FUN_00036910","00037562","FUN_00037562"
"00036910","FUN_00036910","00037ae4","FUN_00037ae4"
"000370ef","__to_chars_10_impl<unsigned_int>","0001fba7","__i686.get_pc_thunk.dx"
"0003717a","__to_xstring<std::__cxx11::string,char>","0003348e","FUN_0003348e"
"000371f2","_M_construct","0003314e","FUN_0003314e"
"0003724c","FUN_0003724c","00016120","__to_xstring<std::__cxx11::string,char>"
"0003724c","FUN_0003724c","00016170","_M_dispose"
"0003724c","FUN_0003724c","00016760","_M_assign"
"0003724c","FUN_0003724c","00019a59","__i686.get_pc_thunk.ax"
"0003724c","FUN_0003724c","000335f4","FUN_000335f4"
"0003747c","FUN_0003747c","000173d6","__i686.get_pc_thunk.bx"
"000374d0","FUN_000374d0","000173d6","__i686.get_pc_thunk.bx"
"00037562","FUN_00037562","000173d6","__i686.get_pc_thunk.bx"
"00037626","FUN_00037626","0003760a","FUN_0003760a"
"0003775c","FUN_0003775c","0003768a","FUN_0003768a"
"000377ac","FUN_000377ac","0003768a","FUN_0003768a"
"000377ac","FUN_000377ac","00037e38","FUN_00037e38"
"0003787a","FUN_0003787a","000173d6","__i686.get_pc_thunk.bx"
"0003791c","FUN_0003791c","0003787a","FUN_0003787a"
"000379b2","FUN_000379b2","0003791c","FUN_0003791c"
"000379cc","FUN_000379cc","0003787a","FUN_0003787a"
"000379f8","FUN_000379f8","0003787a","FUN_0003787a"
"00037a38","FUN_00037a38","0003787a","FUN_0003787a"
"00037ae4","FUN_00037ae4","00037a38","FUN_00037a38"
"00037b0a","FUN_00037b0a","000379cc","FUN_000379cc"
"00037b0a","FUN_00037b0a","000379f8","FUN_000379f8"
"00037b0a","FUN_00037b0a","00037a38","FUN_00037a38"
"00037b0a","FUN_00037b0a","00037ae4","FUN_00037ae4"
"00037bce","FUN_00037bce","0003787a","FUN_0003787a"
"00037bce","FUN_00037bce","00037ae4","FUN_00037ae4"
"00037c2e","FUN_00037c2e","000375f0","FUN_000375f0"
"00037c2e","FUN_00037c2e","00037bce","FUN_00037bce"
"00037c5e","FUN_00037c5e","000173d6","__i686.get_pc_thunk.bx"
"00037c9c","FUN_00037c9c","000173d6","__i686.get_pc_thunk.bx"
"00037d46","FUN_00037d46","000173d6","__i686.get_pc_thunk.bx"
"00037dae","FUN_00037dae","000173d6","__i686.get_pc_thunk.bx"
"00037e73","FUN_00037e73","00019a59","__i686.get_pc_thunk.ax"
"00037e95","FUN_00037e95","00019a59","__i686.get_pc_thunk.ax"
"00037eb7","FUN_00037eb7","00019a59","__i686.get_pc_thunk.ax"
"00037ed9","FUN_00037ed9","00019a59","__i686.get_pc_thunk.ax"
"00037efa","FUN_00037efa","00019a59","__i686.get_pc_thunk.ax"
"00037f13","FUN_00037f13","000173d6","__i686.get_pc_thunk.bx"
"00037f76","FUN_00037f76","00016220","FUN_00016220"
"00037f76","FUN_00037f76","00019a59","__i686.get_pc_thunk.ax"
"00037fb9","FUN_00037fb9","000160f0","FUN_000160f0"
"00037fb9","FUN_00037fb9","00019a59","__i686.get_pc_thunk.ax"
"00037fef","FUN_00037fef","00019a59","__i686.get_pc_thunk.ax"
"00038264","FUN_00038264","00019a59","__i686.get_pc_thunk.ax"
"00038278","FUN_00038278","00019a59","__i686.get_pc_thunk.ax"
"000382ba","FUN_000382ba","00019a59","__i686.get_pc_thunk.ax"
"000382ba","FUN_000382ba","00038278","FUN_00038278"
"000382d7","FUN_000382d7","000173d6","__i686.get_pc_thunk.bx"
"0003840b","FUN_0003840b","000173d6","__i686.get_pc_thunk.bx"
"000385fc","FUN_000385fc","000173d6","__i686.get_pc_thunk.bx"
"00038655","FUN_00038655","00019a59","__i686.get_pc_thunk.ax"
"00038655","FUN_00038655","000382ba","FUN_000382ba"
"000386bd","FUN_000386bd","00016140","memcpy"
"000386bd","FUN_000386bd","00019a59","__i686.get_pc_thunk.ax"
"00038720","FUN_00038720","00019a59","__i686.get_pc_thunk.ax"
