entry,name,namespace,size,external,thunk,decompile_status
"00016000","FUN_00016000","Global",12,false,false,"ok"
"00016050","operator.new[]","<EXTERNAL>",6,false,true,"ok"
"000160c0","__throw_future_error","<EXTERNAL>::std",6,false,true,"ok"
"000160d0","strerror","<EXTERNAL>",6,false,true,"ok"
"000160e0","memmove","<EXTERNAL>",6,false,true,"ok"
"000160f0","FUN_000160f0","Global",6,false,false,"ok"
"00016120","__to_xstring<std::__cxx11::string,char>","__gnu_cxx",6,false,true,"ok"
"00016130","string","std::__cxx11::string",6,false,true,"ok"
"00016140","memcpy","<EXTERNAL>",6,false,true,"ok"
"00016150","pthread_cancel","<EXTERNAL>",6,false,true,"ok"
"00016170","_M_dispose","std::__cxx11::string",6,false,true,"ok"
"00016180","FUN_00016180","Global",6,false,false,"ok"
"000161a0","wait","<EXTERNAL>::std::condition_variable",6,false,true,"ok"
"000161c0","lock","std::mutex",6,false,true,"ok"
"000161d0","operator[]","std::__detail::_Map_base<unsigned_short,std::pair<unsigned_short_const,char>,std::allocator<std::pair<unsigned_short_const,char>>,std::__detail::_Select1st,std::equal_to<unsigned_short>,std::hash<unsigned_short>,std::__detail::_Mod_range_hashing,std::__detail::_Default_ranged_hash,std::__detail::_Prime_rehash_policy,std::__detail::_Hashtable_traits<false,false,true>,true>",6,false,true,"ok"
"000161f0","__throw_bad_alloc","<EXTERNAL>::std",6,false,true,"ok"
"00016210","_S_copy","std::__cxx11::string",6,false,true,"ok"
"00016220","FUN_00016220","Global",6,false,false,"ok"
"00016230","__to_chars_len<unsigned_int>","std::__detail",6,false,true,"ok"
"00016240","sleep_for<long_long,std::ratio<1ll,1000ll>>","std::this_thread",6,false,true,"ok"
"00016250","__throw_length_error","<EXTERNAL>::std",6,false,true,"ok"
"00016260","_Result_base","<EXTERNAL>::std::__future_base::_Result_base",6,false,true,"ok"
"00016280","string<std::allocator<char>>","std::__cxx11::string",6,false,true,"ok"
"00016290","notify_one","<EXTERNAL>::std::condition_variable",6,false,true,"ok"
"000162b0","terminate","<EXTERNAL>::std",6,false,true,"ok"
"000162c0","~_Function_base","std::_Function_base",6,false,true,"ok"
"00016300","nanosleep","<EXTERNAL>",6,false,true,"ok"
"00016330","~thread","std::thread",6,false,true,"ok"
"00016340","_M_construct","std::__cxx11::string",6,false,true,"ok"
"00016350","operator==","std",6,false,true,"ok"
"00016370","operator.delete","<EXTERNAL>",6,false,true,"ok"
"000163e0","pthread_once","<EXTERNAL>",6,false,true,"ok"
"000163f0","_Unwind_Resume","<EXTERNAL>",6,false,true,"ok"
"00016400","_M_rehash","std::_Hashtable<unsigned_short,std::pair<unsigned_short_const,char>,std::allocator<std::pair<unsigned_short_const,char>>,std::__detail::_Select1st,std::equal_to<unsigned_short>,std::hash<unsigned_short>,std::__detail::_Mod_range_hashing,std::__detail::_Default_ranged_hash,std::__detail::_Prime_rehash_policy,std::__detail::_Hashtable_traits<false,false,true>>",6,false,true,"ok"
"00016470","__cxa_throw_bad_array_new_length","<EXTERNAL>",6,false,true,"ok"
"00016480","~unique_lock","std::unique_lock<std::mutex>",6,false,true,"ok"
"00016490","__throw_bad_array_new_length","<EXTERNAL>::std",6,false,true,"ok"
"000164c0","__cxa_atexit","<EXTERNAL>",6,false,true,"ok"
"000164d0","_M_need_rehash","<EXTERNAL>::std::__detail::_Prime_rehash_policy",6,false,true,"ok"
"00016550","operator.delete[]","<EXTERNAL>",6,false,true,"ok"
"00016560","FUN_00016560","Global",6,false,false,"ok"
"00016580","__assert_fail","<EXTERNAL>",6,false,true,"ok"
"00016590","_M_set_result","std::__future_base::_State_baseV2",6,false,true,"ok"
"000165e0","_M_futex_notify_all","<EXTERNAL>::std::__atomic_futex_unsigned_base",6,false,true,"ok"
"000165f0","to_string","std::__cxx11",6,false,true,"ok"
"00016630","~__shared_count","std::__shared_count<(__gnu_cxx::_Lock_policy)2>",6,false,true,"ok"
"00016650","detach","<EXTERNAL>::std::thread",6,false,true,"ok"
"00016670","_Async_state_impl<BufferHandles::Process()::{lambda()#2}>","std::__future_base::_Async_state_impl<std::thread::_Invoker<std::tuple<BufferHandles::Process()::{lambda()#2}>>,void>",6,false,true,"ok"
"00016690","pthread_mutex_lock","<EXTERNAL>",6,false,true,"ok"
"000166a0","unlock","std::unique_lock<std::mutex>",6,false,true,"ok"
"000166e0","operator.new","<EXTERNAL>",6,false,true,"ok"
"000166f0","__errno_location","<EXTERNAL>",6,false,true,"ok"
"00016700","atoi","<EXTERNAL>",6,false,true,"ok"
"00016710","~unique_ptr","std::unique_ptr<std::thread::_State,std::default_delete<std::thread::_State>>",6,false,true,"ok"
"00016740","___tls_get_addr","<EXTERNAL>",6,false,true,"ok"
"00016760","_M_assign","std::__cxx11::string",6,false,true,"ok"
"00016770","_M_replace","std::__cxx11::string",6,false,true,"ok"
"00016790","condition_variable","<EXTERNAL>::std::condition_variable",6,false,true,"ok"
"000167b0","logic_error","<EXTERNAL>::std::logic_error",6,false,true,"ok"
"000167c0","__to_chars_10_impl<unsigned_int>","std::__detail",6,false,true,"ok"
"000167f0","_M_is_local","std::__cxx11::string",6,false,true,"ok"
"00016810","__throw_system_error","<EXTERNAL>::std",6,false,true,"ok"
"00016820","_M_start_thread","<EXTERNAL>::std::thread",6,false,true,"ok"
"00016830","free","<EXTERNAL>",6,false,true,"ok"
"00016848","FUN_00016848","Global",18,false,false,"ok"
"000168b1","FUN_000168b1","Global",3,false,false,"ok"
"000168b4","_INIT_0","Global",742,false,false,"ok"
"00016bfe","_INIT_1","Global",19,false,false,"ok"
"00016c76","_INIT_2","Global",11,false,false,"ok"
"00016e71","_INIT_3","Global",11,false,false,"ok"
"0001706c","_INIT_4","Global",11,false,false,"ok"
"00017267","FUN_00017267","Global",13,false,false,"ok"
"000172e6","FUN_000172e6","Global",13,false,false,"ok"
"0001737a","FUN_0001737a","Global",11,false,false,"ok"
"000173d6","__i686.get_pc_thunk.bx","Global",4,false,false,"ok"
"000173da","FUN_000173da","Global",13,false,false,"ok"
"000174e8","FUN_000174e8","Global",11,false,false,"ok"
"00017542","FUN_00017542","Global",13,false,false,"ok"
"000175a9","FUN_000175a9","Global",13,false,false,"ok"
"0001762a","FUN_0001762a","Global",13,false,false,"ok"
"0001769e","FUN_0001769e","Global",13,false,false,"ok"
"0001771a","FUN_0001771a","Global",13,false,false,"ok"
"00017763","FUN_00017763","Global",13,false,false,"ok"
"000177be","FUN_000177be","Global",13,false,false,"ok"
"0001780f","FUN_0001780f","Global",13,false,false,"ok"
"0001786e","FUN_0001786e","Global",13,false,false,"ok"
"00017994","FUN_00017994","Global",11,false,false,"ok"
"000179d4","FUN_000179d4","Global",9,false,false,"ok"
"00017b05","FUN_00017b05","Global",13,false,false,"ok"
"00017b3a","FUN_00017b3a","Global",13,false,false,"ok"
"00017b6f","FUN_00017b6f","Global",1,false,false,"ok"
"00017b70","FUN_00017b70","Global",14,false,false,"ok"
"00017ba6","FUN_00017ba6","Global",101,false,false,"ok"
"00017c0b","FUN_00017c0b","Global",70,false,false,"ok"
"00017c51","FUN_00017c51","Global",1,false,false,"ok"
"00017c52","FUN_00017c52","Global",54,false,false,"ok"
"00017c8a","FUN_00017c8a","Global",76,false,false,"ok"
"00017cd8","FUN_00017cd8","Global",275,false,false,"ok"
"00017e08","FUN_00017e08","Global",11,false,false,"ok"
"00017e8a","FUN_00017e8a","Global",9,false,false,"ok"
"00017eb6","FUN_00017eb6","Global",13,false,false,"ok"
"00017ee6","FUN_00017ee6","Global",9,false,false,"ok"
"00017f12","FUN_00017f12","Global",13,false,false,"ok"
"00017f42","FUN_00017f42","Global",11,false,false,"ok"
"00017fa4","FUN_00017fa4","Global",13,false,false,"ok"
"0001804a","FUN_0001804a","Global",9,false,false,"ok"
"0001809e","FUN_0001809e","Global",74,false,false,"ok"
"000180e8","FUN_000180e8","Global",225,false,false,"ok"
"000181ef","FUN_000181ef","Global",9,false,false,"ok"
"00018210","FUN_00018210","Global",10,false,false,"ok"
"0001825d","FUN_0001825d","Global",9,false,false,"ok"
"00018292","FUN_00018292","Global",10,false,false,"ok"
"000182e5","FUN_000182e5","Global",11,false,false,"ok"
"00018345","FUN_00018345","Global",9,false,false,"ok"
"0001837a","FUN_0001837a","Global",11,false,false,"ok"
"00018469","FUN_00018469","Global",11,false,false,"ok"
"00018504","FUN_00018504","Global",1,false,false,"ok"
"00018506","FUN_00018506","Global",15,false,false,"ok"
"0001855c","FUN_0001855c","Global",15,false,false,"ok"
"000185b2","FUN_000185b2","Global",13,false,false,"ok"
"00018664","FUN_00018664","Global",2719,false,false,"ok"
"0001911c","FUN_0001911c","Global",11,false,false,"ok"
"00019165","FUN_00019165","Global",576,false,false,"ok"
"00019409","FUN_00019409","Global",726,false,false,"ok"
"00019700","_M_thread_deps_never_run","std::thread",1,false,false,"ok"
"00019702","~thread","std::thread",9,false,false,"ok"
"00019723","_S_copy","std::__cxx11::string",37,false,false,"ok"
"00019748","sleep_for<long_long,std::ratio<1ll,1000ll>>","std::this_thread",11,false,false,"ok"
"000197b2","_M_dispose","std::__cxx11::string",13,false,false,"ok"
"000197e4","capacity","std::__cxx11::string",25,false,false,"ok"
"000197fe","~unique_ptr","std::unique_ptr<std::thread::_State,std::default_delete<std::thread::_State>>",25,false,false,"ok"
"00019818","_M_rehash","std::_Hashtable<unsigned_short,std::pair<unsigned_short_const,char>,std::allocator<std::pair<unsigned_short_const,char>>,std::__detail::_Select1st,std::equal_to<unsigned_short>,std::hash<unsigned_short>,std::__detail::_Mod_range_hashing,std::__detail::_Default_ranged_hash,std::__detail::_Prime_rehash_policy,std::__detail::_Hashtable_traits<false,false,true>>",250,false,false,"ok"
"00019948","operator[]","std::__detail::_Map_base<unsigned_short,std::pair<unsigned_short_const,char>,std::allocator<std::pair<unsigned_short_const,char>>,std::__detail::_Select1st,std::equal_to<unsigned_short>,std::hash<unsigned_short>,std::__detail::_Mod_range_hashing,std::__detail::_Default_ranged_hash,std::__detail::_Prime_rehash_policy,std::__detail::_Hashtable_traits<false,false,true>,true>",247,false,false,"ok"
"00019a59","__i686.get_pc_thunk.ax","Global",4,false,false,"ok"
"00019a5d","__i686.get_pc_thunk.si","Global",4,false,false,"ok"
"00019a62","FUN_00019a62","Global",9,false,false,"ok"
"00019a8e","FUN_00019a8e","Global",13,false,false,"ok"
"00019abe","FUN_00019abe","Global",9,false,false,"ok"
"00019b11","AmxLoad","Global",9,false,false,"ok"
"00019b3e","Supports","Global",6,false,false,"ok"
"00019b44","AmxUnload","Global",3,false,false,"ok"
"00019b47","Unload","Global",1,false,false,"ok"
"00019b48","Load","Global",468,false,false,"ok"
"00019d5a","FUN_00019d5a","Global",28,false,false,"ok"
"00019d76","_M_complete_async","std::__future_base::_State_baseV2",1,false,false,"ok"
"00019d78","_M_is_deferred_future","std::__future_base::_State_baseV2",3,false,false,"ok"
"00019d7c","_M_destroy","std::__future_base::_Result<void>",17,false,false,"ok"
"00019d8d","__dest_thunk<std::future_error>","std::__exception_ptr",16,false,false,"ok"
"00019d9e","~_Sp_counted_ptr_inplace","std::_Sp_counted_ptr_inplace<std::__future_base::_Deferred_state<std::thread::_Invoker<std::tuple<BufferHandles::Process()::{lambda()#2}>>,void>,std::allocator<void>,(__gnu_cxx::_Lock_policy)2>",1,false,false,"ok"
"00019da0","~_Sp_counted_ptr_inplace","std::_Sp_counted_ptr_inplace<std::__future_base::_Async_state_impl<std::thread::_Invoker<std::tuple<BufferHandles::Process()::{lambda()#2}>>,void>,std::allocator<void>,(__gnu_cxx::_Lock_policy)2>",1,false,false,"ok"
"00019da2","_M_is_deferred_future","std::__future_base::_Deferred_state<std::thread::_Invoker<std::tuple<BufferHandles::Process()::{lambda()#2}>>,void>",3,false,false,"ok"
"00019da6","~_Sp_counted_ptr_inplace","std::_Sp_counted_ptr_inplace<std::__future_base::_Async_state_impl<std::thread::_Invoker<std::tuple<BufferHandles::Process()::{lambda()#2}>>,void>,std::allocator<void>,(__gnu_cxx::_Lock_policy)2>",9,false,false,"ok"
"00019dca","~_Sp_counted_ptr_inplace","std::_Sp_counted_ptr_inplace<std::__future_base::_Deferred_state<std::thread::_Invoker<std::tuple<BufferHandles::Process()::{lambda()#2}>>,void>,std::allocator<void>,(__gnu_cxx::_Lock_policy)2>",9,false,false,"ok"
"00019dee","~_State_impl","std::thread::_State_impl<std::thread::_Invoker<std::tuple<void(*)()>>>",9,false,false,"ok"
"00019e1c","~_State_impl","std::thread::_State_impl<std::thread::_Invoker<std::tuple<void(*)()>>>",13,false,false,"ok"
"00019e4c","~_State_impl","std::thread::_State_impl<std::thread::_Invoker<std::tuple<void(std::__future_base::_Async_state_impl<std::thread::_Invoker<std::tuple<BufferHandles::Process()::{lambda()#2}>>,void>::*)(),std::__future_base::_Async_state_impl<std::thread::_Invoker<std::tuple<BufferHandles::Process()::{lambda()#2}>>,void>*>>>",9,false,false,"ok"
"00019e7a","~_State_impl","std::thread::_State_impl<std::thread::_Invoker<std::tuple<void(std::__future_base::_Async_state_impl<std::thread::_Invoker<std::tuple<BufferHandles::Process()::{lambda()#2}>>,void>::*)(),std::__future_base::_Async_state_impl<std::thread::_Invoker<std::tuple<BufferHandles::Process()::{lambda()#2}>>,void>*>>>",13,false,false,"ok"
"00019eaa","_M_complete_async","std::__future_base::_Async_state_commonV2",167,false,false,"ok"
"00019f7e","~_Result","std::__future_base::_Result<void>",9,false,false,"ok"
"00019fac","~_Result","std::__future_base::_Result<void>",13,false,false,"ok"
"00019fdc","_M_run","std::thread::_State_impl<std::thread::_Invoker<std::tuple<void(*)()>>>",12,false,false,"ok"
"00019fe8","_M_run","std::thread::_State_impl<std::thread::_Invoker<std::tuple<void(std::__future_base::_Async_state_impl<std::thread::_Invoker<std::tuple<BufferHandles::Process()::{lambda()#2}>>,void>::*)(),std::__future_base::_Async_state_impl<std::thread::_Invoker<std::tuple<BufferHandles::Process()::{lambda()#2}>>,void>*>>>",31,false,false,"ok"
"0001a007","_M_manager","std::_Function_handler<std::unique_ptr<std::__future_base::_Result_base,std::__future_base::_Result_base::_Deleter>(),std::__future_base::_Task_setter<std::unique_ptr<std::__future_base::_Result<void>,std::__future_base::_Result_base::_Deleter>,std::thread::_Invoker<std::tuple<BufferHandles::Process()::{lambda()#2}>>,void>>",9,false,false,"ok"
"0001a04a","_FUN","std::once_flag::_Prepare_execution::_Prepare_execution<std::call_once<void(std::thread::*)(),std::thread*>(std::once_flag&,void(std::thread::*&&)(),std::thread*&&)::{lambda()#1}()#1}>(void(std::thread::*&)())::{lambda()#1}",9,false,false,"ok"
"0001a08c","_FUN","std::once_flag::_Prepare_execution::_Prepare_execution<std::call_once<void(std::__future_base::_State_baseV2::*)(std::function<std::unique_ptr<std::__future_base::_Result_base,std::__future_base::_Result_base::_Deleter>()>*,bool*),std::__future_base::_State_baseV2*,std::function<std::unique_ptr<std::__future_base::_Result_base,std::__future_base::_Result_base::_Deleter>()>*,bool*>(std::once_flag&,void(std::__future_base::_State_baseV2::*&&)(std::function<std::unique_ptr<std::__future_base::_Result_base,std::__future_base::_Result_base::_Deleter>()>*,bool*),std::__future_base::_State_baseV2*&&,std::function<std::unique_ptr<std::__future_base::_Result_base,std::__future_base::_Result_base::_Deleter>()>*&&,bool*&&)::{lambda()#1}()#1}>(void(std::__future_base::_State_baseV2::*&)(std::function<std::unique_ptr<std::__future_base::_Result_base,std::__future_base::_Result_base::_Deleter>()>*,bool*))::{lambda()#1}",11,false,false,"ok"
"0001a0e0","_M_destroy","std::_Sp_counted_ptr_inplace<std::__future_base::_Deferred_state<std::thread::_Invoker<std::tuple<BufferHandles::Process()::{lambda()#2}>>,void>,std::allocator<void>,(__gnu_cxx::_Lock_policy)2>",9,false,false,"ok"
"0001a104","_M_destroy","std::_Sp_counted_ptr_inplace<std::__future_base::_Async_state_impl<std::thread::_Invoker<std::tuple<BufferHandles::Process()::{lambda()#2}>>,void>,std::allocator<void>,(__gnu_cxx::_Lock_policy)2>",9,false,false,"ok"
"0001a128","operator==","std::type_info",11,false,false,"ok"
"0001a170","_M_get_deleter","std::_Sp_counted_ptr_inplace<std::__future_base::_Async_state_impl<std::thread::_Invoker<std::tuple<BufferHandles::Process()::{lambda()#2}>>,void>,std::allocator<void>,(__gnu_cxx::_Lock_policy)2>",9,false,false,"ok"
"0001a1b0","_M_get_deleter","std::_Sp_counted_ptr_inplace<std::__future_base::_Deferred_state<std::thread::_Invoker<std::tuple<BufferHandles::Process()::{lambda()#2}>>,void>,std::allocator<void>,(__gnu_cxx::_Lock_policy)2>",9,false,false,"ok"
"0001a1f0","~exception_ptr","std::__exception_ptr::exception_ptr",9,false,false,"ok"
"0001a21a","~_Function_base","std::_Function_base",28,false,false,"ok"
"0001a236","_M_set_result","std::__future_base::_State_baseV2",250,false,false,"ok"
"0001a35e","_M_complete_async","std::__future_base::_Deferred_state<std::thread::_Invoker<std::tuple<BufferHandles::Process()::{lambda()#2}>>,void>",83,false,false,"ok"
"0001a3ca","FUN_0001a3ca","Global",9,false,false,"ok"
"0001a3e6","FUN_0001a3e6","Global",9,false,false,"ok"
"0001a412","~__shared_count","std::__shared_count<(__gnu_cxx::_Lock_policy)2>",122,false,false,"ok"
"0001a48c","~unique_ptr","std::unique_ptr<std::__future_base::_Result_base,std::__future_base::_Result_base::_Deleter>",28,false,false,"ok"
"0001a4a8","~_State_baseV2","std::__future_base::_State_baseV2",9,false,false,"ok"
"0001a4da","~_State_baseV2","std::__future_base::_State_baseV2",13,false,false,"ok"
"0001a50a","~_Async_state_commonV2","std::__future_base::_Async_state_commonV2",13,false,false,"ok"
"0001a546","~_Async_state_commonV2","std::__future_base::_Async_state_commonV2",13,false,false,"ok"
"0001a576","_M_do_set","std::__future_base::_State_baseV2",11,false,false,"ok"
"0001a5c8","~unique_ptr","std::unique_ptr<std::__future_base::_Result<void>,std::__future_base::_Result_base::_Deleter>",28,false,false,"ok"
"0001a5e4","~_Async_state_impl","std::__future_base::_Async_state_impl<std::thread::_Invoker<std::tuple<BufferHandles::Process()::{lambda()#2}>>,void>",13,false,false,"ok"
"0001a636","~_Async_state_impl","std::__future_base::_Async_state_impl<std::thread::_Invoker<std::tuple<BufferHandles::Process()::{lambda()#2}>>,void>",13,false,false,"ok"
"0001a666","_M_dispose","std::_Sp_counted_ptr_inplace<std::__future_base::_Async_state_impl<std::thread::_Invoker<std::tuple<BufferHandles::Process()::{lambda()#2}>>,void>,std::allocator<void>,(__gnu_cxx::_Lock_policy)2>",9,false,false,"ok"
"0001a68c","~_Deferred_state","std::__future_base::_Deferred_state<std::thread::_Invoker<std::tuple<BufferHandles::Process()::{lambda()#2}>>,void>",13,false,false,"ok"
"0001a6c8","~_Deferred_state","std::__future_base::_Deferred_state<std::thread::_Invoker<std::tuple<BufferHandles::Process()::{lambda()#2}>>,void>",13,false,false,"ok"
"0001a6f8","_M_dispose","std::_Sp_counted_ptr_inplace<std::__future_base::_Deferred_state<std::thread::_Invoker<std::tuple<BufferHandles::Process()::{lambda()#2}>>,void>,std::allocator<void>,(__gnu_cxx::_Lock_policy)2>",9,false,false,"ok"
"0001a71e","operator==","std",15,false,false,"ok"
"0001a75e","FUN_0001a75e","Global",30,false,false,"ok"
"0001a77c","FUN_0001a77c","Global",13,false,false,"ok"
"0001a82c","unlock","std::unique_lock<std::mutex>",13,false,false,"ok"
"0001a86c","~unique_lock","std::unique_lock<std::mutex>",9,false,false,"ok"
"0001a896","_M_is_local","std::__cxx11::string",16,false,false,"ok"
"0001a8a6","~string","std::__cxx11::string",9,false,false,"ok"
"0001a8c8","FUN_0001a8c8","Global",208,false,false,"ok"
"0001a9d6","_M_replace","std::__cxx11::string",11,false,false,"ok"
"0001ab66","future_error","std::future_error",234,false,false,"ok"
"0001ac80","_M_break_promise","std::__future_base::_State_baseV2",11,false,false,"ok"
"0001ad78","_M_run","std::__future_base::_Async_state_impl<std::thread::_Invoker<std::tuple<BufferHandles::Process()::{lambda()#2}>>,void>",95,false,false,"ok"
"0001ae64","FUN_0001ae64","Global",13,false,false,"ok"
"0001aea0","FUN_0001aea0","Global",13,false,false,"ok"
"0001af01","__destroy<Commands::Command*>","std::_Destroy_aux<false>",35,false,false,"ok"
"0001af24","FUN_0001af24","Global",11,false,false,"ok"
"0001b004","_Async_state_impl<BufferHandles::Process()::{lambda()#2}>","std::__future_base::_Async_state_impl<std::thread::_Invoker<std::tuple<BufferHandles::Process()::{lambda()#2}>>,void>",277,false,false,"ok"
"0001b171","FUN_0001b171","Global",372,false,false,"ok"
"0001b390","FUN_0001b390","Global",4766,false,false,"ok"
"0001c66e","operator()","std::__future_base::_Task_setter<std::unique_ptr<std::__future_base::_Result<void>,std::__future_base::_Result_base::_Deleter>,std::thread::_Invoker<std::tuple<BufferHandles::Process()::{lambda()#2}>>,void>",66,false,false,"ok"
"0001c733","_M_invoke","std::_Function_handler<std::unique_ptr<std::__future_base::_Result_base,std::__future_base::_Result_base::_Deleter>(),std::__future_base::_Task_setter<std::unique_ptr<std::__future_base::_Result<void>,std::__future_base::_Result_base::_Deleter>,std::thread::_Invoker<std::tuple<BufferHandles::Process()::{lambda()#2}>>,void>>",9,false,false,"ok"
"0001c762","FUN_0001c762","Global",9,false,false,"ok"
"0001c792","FUN_0001c792","Global",11,false,false,"ok"
"0001c87d","FUN_0001c87d","Global",9,false,false,"ok"
"0001c911","FUN_0001c911","Global",9,false,false,"ok"
"0001c93c","FUN_0001c93c","Global",9,false,false,"ok"
"0001c968","FUN_0001c968","Global",13,false,false,"ok"
"0001c998","FUN_0001c998","Global",358,false,false,"ok"
"0001cb22","FUN_0001cb22","Global",268,false,false,"ok"
"0001cc52","FUN_0001cc52","Global",172,false,false,"ok"
"0001cd1d","FUN_0001cd1d","Global",33,false,false,"ok"
"0001cd3e","FUN_0001cd3e","Global",11,false,false,"ok"
"0001d023","FUN_0001d023","Global",70,false,false,"ok"
"0001d0dc","FUN_0001d0dc","Global",9,false,false,"ok"
"0001d103","FUN_0001d103","Global",9,false,false,"ok"
"0001d12a","FUN_0001d12a","Global",10,false,false,"ok"
"0001d15a","FUN_0001d15a","Global",9,false,false,"ok"
"0001d18b","FUN_0001d18b","Global",93,false,false,"ok"
"0001d236","FUN_0001d236","Global",9,false,false,"ok"
"0001d288","FUN_0001d288","Global",24,false,false,"ok"
"0001d2a0","FUN_0001d2a0","Global",83,false,false,"ok"
"0001d367","FUN_0001d367","Global",13,false,false,"ok"
"0001d3a6","FUN_0001d3a6","Global",17,false,false,"ok"
"0001d3b7","FUN_0001d3b7","Global",9,false,false,"ok"
"0001d3d0","FUN_0001d3d0","Global",28,false,false,"ok"
"0001d3ec","FUN_0001d3ec","Global",9,false,false,"ok"
"0001d439","FUN_0001d439","Global",9,false,false,"ok"
"0001d460","FUN_0001d460","Global",1034,false,false,"ok"
"0001d8ac","FUN_0001d8ac","Global",11,false,false,"ok"
"0001dbb7","FUN_0001dbb7","Global",11,false,false,"ok"
"0001dcbc","FUN_0001dcbc","Global",9,false,false,"ok"
"0001dcf5","FUN_0001dcf5","Global",9,false,false,"ok"
"0001dd3e","FUN_0001dd3e","Global",467,false,false,"ok"
"0001df2d","FUN_0001df2d","Global",690,false,false,"ok"
"0001e20e","lock","std::mutex",9,false,false,"ok"
"0001e23e","string<std::allocator<char>>","std::__cxx11::string",11,false,false,"ok"
"0001e2d4","sleep_for<long_long,std::ratio<1ll,1ll>>","std::this_thread",11,false,false,"ok"
"0001e31d","FUN_0001e31d","Global",6,false,false,"ok"
"0001e323","FUN_0001e323","Global",9,false,false,"ok"
"0001e3b7","FUN_0001e3b7","Global",11,false,false,"ok"
"0001e4a6","~unordered_map","std::unordered_map<unsigned_short,char,std::hash<unsigned_short>,std::equal_to<unsigned_short>,std::allocator<std::pair<unsigned_short_const,char>>>",11,false,false,"ok"
"0001e514","FUN_0001e514","Global",13,false,false,"ok"
"0001e566","FUN_0001e566","Global",9,false,false,"ok"
"0001e5ba","FUN_0001e5ba","Global",74,false,false,"ok"
"0001e604","FUN_0001e604","Global",18,false,false,"ok"
"0001e66d","FUN_0001e66d","Global",97,false,false,"ok"
"0001e6ce","FUN_0001e6ce","Global",22,false,false,"ok"
"0001e6e4","FUN_0001e6e4","Global",11,false,false,"ok"
"0001e764","FUN_0001e764","Global",11,false,false,"ok"
"0001e9cf","FUN_0001e9cf","Global",323,false,false,"ok"
"0001eb2c","FUN_0001eb2c","Global",33,false,false,"ok"
"0001ef3b","dec","std",22,false,false,"ok"
"0001ef51","hex","std",22,false,false,"ok"
"0001ef67","to_string","std::__cxx11",321,false,false,"ok"
"0001f0a8","string","std::__cxx11::string",100,false,false,"ok"
"0001f10c","FUN_0001f10c","Global",103,false,false,"ok"
"0001f1a2","FUN_0001f1a2","Global",518,false,false,"ok"
"0001f3ea","FUN_0001f3ea","Global",86,false,false,"ok"
"0001f440","_M_assign","std::__cxx11::string",11,false,false,"ok"
"0001f4cc","FUN_0001f4cc","Global",303,false,false,"ok"
"0001f62f","__i686.get_pc_thunk.cx","Global",4,false,false,"ok"
"0001f634","FUN_0001f634","Global",59,false,false,"ok"
"0001f670","FUN_0001f670","Global",44,false,false,"ok"
"0001f69c","FUN_0001f69c","Global",54,false,false,"ok"
"0001f6d2","FUN_0001f6d2","Global",54,false,false,"ok"
"0001f75c","FUN_0001f75c","Global",18,false,false,"ok"
"0001f7c6","FUN_0001f7c6","Global",9,false,false,"ok"
"0001f80a","FUN_0001f80a","Global",10,false,false,"ok"
"0001f8ea","FUN_0001f8ea","Global",18,false,false,"ok"
"0001f940","FUN_0001f940","Global",452,false,false,"ok"
"0001fb80","FUN_0001fb80","Global",39,false,false,"ok"
"0001fba7","__i686.get_pc_thunk.dx","Global",4,false,false,"ok"
"0001fbab","FUN_0001fbab","Global",18,false,false,"ok"
"0001fbbd","FUN_0001fbbd","Global",19,false,false,"ok"
"0001fbd0","FUN_0001fbd0","Global",19,false,false,"ok"
"0001fbe3","FUN_0001fbe3","Global",19,false,false,"ok"
"0001fbf6","FUN_0001fbf6","Global",19,false,false,"ok"
"0001fc09","FUN_0001fc09","Global",19,false,false,"ok"
"0001fc1c","FUN_0001fc1c","Global",19,false,false,"ok"
"0001fc2f","FUN_0001fc2f","Global",19,false,false,"ok"
"0001fc42","FUN_0001fc42","Global",19,false,false,"ok"
"0001fc55","FUN_0001fc55","Global",19,false,false,"ok"
"0001fc68","FUN_0001fc68","Global",19,false,false,"ok"
"0001fc7b","FUN_0001fc7b","Global",19,false,false,"ok"
"0001fc8e","FUN_0001fc8e","Global",19,false,false,"ok"
"0001fca1","FUN_0001fca1","Global",19,false,false,"ok"
"0001fcb4","FUN_0001fcb4","Global",19,false,false,"ok"
"0001fcc7","FUN_0001fcc7","Global",19,false,false,"ok"
"0001fcda","FUN_0001fcda","Global",19,false,false,"ok"
"0001fced","FUN_0001fced","Global",19,false,false,"ok"
"0001fd00","FUN_0001fd00","Global",19,false,false,"ok"
"0001fd13","FUN_0001fd13","Global",19,false,false,"ok"
"0001fd26","FUN_0001fd26","Global",19,false,false,"ok"
"0001fd39","FUN_0001fd39","Global",19,false,false,"ok"
"0001fd4c","FUN_0001fd4c","Global",19,false,false,"ok"
"0001fd5f","FUN_0001fd5f","Global",19,false,false,"ok"
"0001fd72","FUN_0001fd72","Global",19,false,false,"ok"
"0001fd85","FUN_0001fd85","Global",19,false,false,"ok"
"0001fd98","FUN_0001fd98","Global",19,false,false,"ok"
"0001fdab","FUN_0001fdab","Global",19,false,false,"ok"
"0001fdbe","FUN_0001fdbe","Global",19,false,false,"ok"
"0001fdd1","FUN_0001fdd1","Global",19,false,false,"ok"
"0001fde4","FUN_0001fde4","Global",19,false,false,"ok"
"0001fdf7","FUN_0001fdf7","Global",22,false,false,"ok"
"0001fe23","FUN_0001fe23","Global",22,false,false,"ok"
"0001fe39","FUN_0001fe39","Global",22,false,false,"ok"
"0001fe4f","FUN_0001fe4f","Global",22,false,false,"ok"
"0001fe65","FUN_0001fe65","Global",22,false,false,"ok"
"0001fe7b","FUN_0001fe7b","Global",22,false,false,"ok"
"0001fe91","FUN_0001fe91","Global",22,false,false,"ok"
"0001fea7","FUN_0001fea7","Global",22,false,false,"ok"
"0001febd","FUN_0001febd","Global",22,false,false,"ok"
"0001fed3","FUN_0001fed3","Global",22,false,false,"ok"
"0001fee9","FUN_0001fee9","Global",22,false,false,"ok"
"0001feff","FUN_0001feff","Global",3,false,false,"ok"
"0001ff02","FUN_0001ff02","Global",9,false,false,"ok"
"0001ff4b","FUN_0001ff4b","Global",20,false,false,"ok"
"0001ff5f","FUN_0001ff5f","Global",9,false,false,"ok"
"0001ffed","FUN_0001ffed","Global",9,false,false,"ok"
"00020021","FUN_00020021","Global",17,false,false,"ok"
"000200e9","FUN_000200e9","Global",9,false,false,"ok"
"00020139","FUN_00020139","Global",13,false,false,"ok"
"000201a3","FUN_000201a3","Global",13,false,false,"ok"
"0002020d","FUN_0002020d","Global",9,false,false,"ok"
"00020273","FUN_00020273","Global",15,false,false,"ok"
"000202ad","FUN_000202ad","Global",11,false,false,"ok"
"00020364","FUN_00020364","Global",11,false,false,"ok"
"000203be","FUN_000203be","Global",13,false,false,"ok"
"00020415","FUN_00020415","Global",11,false,false,"ok"
"000204e1","FUN_000204e1","Global",9,false,false,"ok"
"00020537","FUN_00020537","Global",9,false,false,"ok"
"0002057d","FUN_0002057d","Global",9,false,false,"ok"
"000205cb","FUN_000205cb","Global",9,false,false,"ok"
"00020639","FUN_00020639","Global",68,false,false,"ok"
"0002067d","FUN_0002067d","Global",11,false,false,"ok"
"000206f9","FUN_000206f9","Global",11,false,false,"ok"
"00020813","FUN_00020813","Global",11,false,false,"ok"
"000208fa","FUN_000208fa","Global",80,false,false,"ok"
"0002094a","FUN_0002094a","Global",22,false,false,"ok"
"00020960","FUN_00020960","Global",147,false,false,"ok"
"000209f3","FUN_000209f3","Global",9,false,false,"ok"
"00020a37","FUN_00020a37","Global",9,false,false,"ok"
"00020a9b","FUN_00020a9b","Global",9,false,false,"ok"
"00020aff","FUN_00020aff","Global",15,false,false,"ok"
"00020b0e","FUN_00020b0e","Global",1,false,false,"ok"
"00020b0f","FUN_00020b0f","Global",16,false,false,"ok"
"00020b5e","FUN_00020b5e","Global",10,false,false,"ok"
"00020bf5","FUN_00020bf5","Global",13,false,false,"ok"
"00020c67","FUN_00020c67","Global",30,false,false,"ok"
"00020c8f","FUN_00020c8f","Global",30,false,false,"ok"
"00020cc1","FUN_00020cc1","Global",457,false,false,"ok"
"00020e9c","FUN_00020e9c","Global",9,false,false,"ok"
"00020ebe","FUN_00020ebe","Global",8,false,false,"ok"
"00020ec6","FUN_00020ec6","Global",34,false,false,"ok"
"00020ee8","FUN_00020ee8","Global",33,false,false,"ok"
"00020f09","FUN_00020f09","Global",9,false,false,"ok"
"00020f71","FUN_00020f71","Global",9,false,false,"ok"
"00020fbc","FUN_00020fbc","Global",9,false,false,"ok"
"00021005","FUN_00021005","Global",13,false,false,"ok"
"0002106b","FUN_0002106b","Global",9,false,false,"ok"
"000210ce","FUN_000210ce","Global",71,false,false,"ok"
"00021115","FUN_00021115","Global",33,false,false,"ok"
"00021136","FUN_00021136","Global",9,false,false,"ok"
"000211a8","FUN_000211a8","Global",23,false,false,"ok"
"000211bf","FUN_000211bf","Global",11,false,false,"ok"
"0002126d","FUN_0002126d","Global",11,false,false,"ok"
"00021359","FUN_00021359","Global",11,false,false,"ok"
"000213c2","FUN_000213c2","Global",9,false,false,"ok"
"00021413","FUN_00021413","Global",9,false,false,"ok"
"00021464","FUN_00021464","Global",11,false,false,"ok"
"000214cb","FUN_000214cb","Global",38,false,false,"ok"
"000214f1","thunk_FUN_000214cb","Global",2,false,true,"ok"
"000214f3","FUN_000214f3","Global",9,false,false,"ok"
"0002153e","thunk_FUN_000214f3","Global",2,false,true,"ok"
"00021540","FUN_00021540","Global",19,false,false,"ok"
"00021599","FUN_00021599","Global",11,false,false,"ok"
"000216a7","FUN_000216a7","Global",9,false,false,"ok"
"00021706","FUN_00021706","Global",11,false,false,"ok"
"0002180d","FUN_0002180d","Global",25,false,false,"ok"
"00021826","FUN_00021826","Global",13,false,false,"ok"
"0002188c","FUN_0002188c","Global",18,false,false,"ok"
"00021941","FUN_00021941","Global",33,false,false,"ok"
"00021962","FUN_00021962","Global",17,false,false,"ok"
"00021973","FUN_00021973","Global",11,false,false,"ok"
"00021a37","FUN_00021a37","Global",11,false,false,"ok"
"00021b2b","FUN_00021b2b","Global",11,false,false,"ok"
"00021bb2","FUN_00021bb2","Global",13,false,false,"ok"
"00021c13","thunk_FUN_00021bb2","Global",2,false,true,"ok"
"00021c15","FUN_00021c15","Global",11,false,false,"ok"
"00021cd3","FUN_00021cd3","Global",11,false,false,"ok"
"00021d9d","FUN_00021d9d","Global",13,false,false,"ok"
"00021e15","FUN_00021e15","Global",10,false,false,"ok"
"00021e8d","FUN_00021e8d","Global",10,false,false,"ok"
"00021f03","FUN_00021f03","Global",11,false,false,"ok"
"00021fab","FUN_00021fab","Global",11,false,false,"ok"
"00022039","FUN_00022039","Global",9,false,false,"ok"
"00022082","FUN_00022082","Global",24,false,false,"ok"
"0002240d","thunk_FUN_00022082","Global",5,false,true,"ok"
"00022412","FUN_00022412","Global",197,false,false,"ok"
"00022503","FUN_00022503","Global",23,false,false,"ok"
"0002251a","thunk_FUN_00022412","Global",5,false,true,"ok"
"0002251f","FUN_0002251f","Global",23,false,false,"ok"
"00022536","FUN_00022536","Global",11,false,false,"ok"
"00022754","FUN_00022754","Global",11,false,false,"ok"
"000228cd","FUN_000228cd","Global",9,false,false,"ok"
"0002291e","FUN_0002291e","Global",75,false,false,"ok"
"0002297a","FUN_0002297a","Global",75,false,false,"ok"
"000229d6","FUN_000229d6","Global",54,false,false,"ok"
"00022a1b","FUN_00022a1b","Global",99,false,false,"ok"
"00022aa3","FUN_00022aa3","Global",14,false,false,"ok"
"00022b11","FUN_00022b11","Global",14,false,false,"ok"
"00022b7f","FUN_00022b7f","Global",58,false,false,"ok"
"00022bd3","FUN_00022bd3","Global",99,false,false,"ok"
"00022c58","FUN_00022c58","Global",14,false,false,"ok"
"00022cc3","FUN_00022cc3","Global",54,false,false,"ok"
"00022d08","FUN_00022d08","Global",54,false,false,"ok"
"00022d4d","FUN_00022d4d","Global",75,false,false,"ok"
"00022da9","FUN_00022da9","Global",54,false,false,"ok"
"00022dee","FUN_00022dee","Global",98,false,false,"ok"
"00022e63","FUN_00022e63","Global",98,false,false,"ok"
"00022ed8","FUN_00022ed8","Global",54,false,false,"ok"
"00022f1d","FUN_00022f1d","Global",54,false,false,"ok"
"00022f62","FUN_00022f62","Global",75,false,false,"ok"
"00022fbe","FUN_00022fbe","Global",75,false,false,"ok"
"0002301a","FUN_0002301a","Global",75,false,false,"ok"
"00023076","FUN_00023076","Global",99,false,false,"ok"
"000230fe","FUN_000230fe","Global",58,false,false,"ok"
"00023152","FUN_00023152","Global",75,false,false,"ok"
"000231ae","FUN_000231ae","Global",58,false,false,"ok"
"00023202","FUN_00023202","Global",98,false,false,"ok"
"00023277","FUN_00023277","Global",75,false,false,"ok"
"000232d3","FUN_000232d3","Global",75,false,false,"ok"
"0002332f","FUN_0002332f","Global",58,false,false,"ok"
"00023383","FUN_00023383","Global",14,false,false,"ok"
"000233ee","FUN_000233ee","Global",14,false,false,"ok"
"0002345c","FUN_0002345c","Global",75,false,false,"ok"
"000234b8","FUN_000234b8","Global",99,false,false,"ok"
"0002353d","FUN_0002353d","Global",99,false,false,"ok"
"000235c2","FUN_000235c2","Global",121,false,false,"ok"
"00023661","FUN_00023661","Global",98,false,false,"ok"
"000236d6","FUN_000236d6","Global",58,false,false,"ok"
"0002372a","FUN_0002372a","Global",75,false,false,"ok"
"00023786","FUN_00023786","Global",75,false,false,"ok"
"000237e2","FUN_000237e2","Global",9,false,false,"ok"
"00023835","FUN_00023835","Global",99,false,false,"ok"
"000238ab","FUN_000238ab","Global",99,false,false,"ok"
"00023921","FUN_00023921","Global",9,false,false,"ok"
"00023971","FUN_00023971","Global",141,false,false,"ok"
"00023a30","FUN_00023a30","Global",403,false,false,"ok"
"00023c29","FUN_00023c29","Global",290,false,false,"ok"
"00023d9d","FUN_00023d9d","Global",150,false,false,"ok"
"00023e63","FUN_00023e63","Global",150,false,false,"ok"
"00023f29","FUN_00023f29","Global",203,false,false,"ok"
"00024031","FUN_00024031","Global",150,false,false,"ok"
"000240f7","FUN_000240f7","Global",203,false,false,"ok"
"000241fc","FUN_000241fc","Global",267,false,false,"ok"
"00024352","FUN_00024352","Global",11,false,false,"ok"
"0002440c","FUN_0002440c","Global",143,false,false,"ok"
"000244d8","FUN_000244d8","Global",14,false,false,"ok"
"0002456d","FUN_0002456d","Global",14,false,false,"ok"
"000245e8","FUN_000245e8","Global",14,false,false,"ok"
"00024660","FUN_00024660","Global",14,false,false,"ok"
"000246c6","FUN_000246c6","Global",14,false,false,"ok"
"0002474d","FUN_0002474d","Global",96,false,false,"ok"
"000247cd","FUN_000247cd","Global",59,false,false,"ok"
"00024808","FUN_00024808","Global",33,false,false,"ok"
"00024829","FUN_00024829","Global",308,false,false,"ok"
"00024963","FUN_00024963","Global",95,false,false,"ok"
"000249c7","FUN_000249c7","Global",11,false,false,"ok"
"00024b8b","FUN_00024b8b","Global",6,false,false,"ok"
"00024b91","FUN_00024b91","Global",17,false,false,"ok"
"00024ba2","FUN_00024ba2","Global",6,false,false,"ok"
"00024ba8","FUN_00024ba8","Global",40,false,false,"ok"
"00024bd0","FUN_00024bd0","Global",23,false,false,"ok"
"00024be7","thunk_FUN_00020b0f","Global",5,false,true,"ok"
"00024bec","FUN_00024bec","Global",9,false,false,"ok"
"00024ca2","thunk_FUN_0001ff02","Global",5,false,true,"ok"
"00024ca7","FUN_00024ca7","Global",10,false,false,"ok"
"00024d3a","FUN_00024d3a","Global",10,false,false,"ok"
"00024da1","FUN_00024da1","Global",11,false,false,"ok"
"00024e11","FUN_00024e11","Global",11,false,false,"ok"
"00024e81","FUN_00024e81","Global",10,false,false,"ok"
"00024ee0","FUN_00024ee0","Global",11,false,false,"ok"
"00024fe5","FUN_00024fe5","Global",10,false,false,"ok"
"0002504c","FUN_0002504c","Global",10,false,false,"ok"
"000250da","FUN_000250da","Global",11,false,false,"ok"
"000251d9","FUN_000251d9","Global",10,false,false,"ok"
"0002524d","FUN_0002524d","Global",11,false,false,"ok"
"000252e6","FUN_000252e6","Global",10,false,false,"ok"
"0002535a","FUN_0002535a","Global",11,false,false,"ok"
"000253f3","FUN_000253f3","Global",11,false,false,"ok"
"00025464","FUN_00025464","Global",10,false,false,"ok"
"000254cb","FUN_000254cb","Global",10,false,false,"ok"
"00025532","FUN_00025532","Global",3,false,false,"ok"
"00025535","FUN_00025535","Global",1,false,false,"ok"
"00025536","FUN_00025536","Global",10,false,false,"ok"
"0002559d","FUN_0002559d","Global",10,false,false,"ok"
"00025629","FUN_00025629","Global",11,false,false,"ok"
"000256e4","FUN_000256e4","Global",10,false,false,"ok"
"0002574b","FUN_0002574b","Global",11,false,false,"ok"
"000257bb","FUN_000257bb","Global",11,false,false,"ok"
"000258ba","FUN_000258ba","Global",10,false,false,"ok"
"00025948","FUN_00025948","Global",11,false,false,"ok"
"000259e1","FUN_000259e1","Global",11,false,false,"ok"
"00025b12","FUN_00025b12","Global",10,false,false,"ok"
"00025b86","FUN_00025b86","Global",11,false,false,"ok"
"00025c09","FUN_00025c09","Global",9,false,false,"ok"
"00025c5d","FUN_00025c5d","Global",11,false,false,"ok"
"00025d04","FUN_00025d04","Global",59,false,false,"ok"
"00025ecf","FUN_00025ecf","Global",10,false,false,"ok"
"00025f2e","FUN_00025f2e","Global",11,false,false,"ok"
"00025fba","FUN_00025fba","Global",11,false,false,"ok"
"000260eb","FUN_000260eb","Global",11,false,false,"ok"
"00026177","FUN_00026177","Global",11,false,false,"ok"
"000262a8","FUN_000262a8","Global",10,false,false,"ok"
"0002630f","FUN_0002630f","Global",11,false,false,"ok"
"0002637f","FUN_0002637f","Global",11,false,false,"ok"
"000263ef","FUN_000263ef","Global",11,false,false,"ok"
"0002645f","FUN_0002645f","Global",11,false,false,"ok"
"000264d9","FUN_000264d9","Global",11,false,false,"ok"
"00026549","FUN_00026549","Global",10,false,false,"ok"
"000265bd","FUN_000265bd","Global",11,false,false,"ok"
"00026656","FUN_00026656","Global",11,false,false,"ok"
"000266c6","FUN_000266c6","Global",10,false,false,"ok"
"0002672d","FUN_0002672d","Global",10,false,false,"ok"
"00026794","FUN_00026794","Global",10,false,false,"ok"
"000267f3","FUN_000267f3","Global",11,false,false,"ok"
"00026883","FUN_00026883","Global",10,false,false,"ok"
"000268e2","FUN_000268e2","Global",11,false,false,"ok"
"0002694a","FUN_0002694a","Global",10,false,false,"ok"
"000269a9","FUN_000269a9","Global",10,false,false,"ok"
"00026a10","FUN_00026a10","Global",11,false,false,"ok"
"00026b0f","FUN_00026b0f","Global",10,false,false,"ok"
"00026b9d","FUN_00026b9d","Global",10,false,false,"ok"
"00026c2b","FUN_00026c2b","Global",11,false,false,"ok"
"00026d5c","FUN_00026d5c","Global",11,false,false,"ok"
"00026de8","FUN_00026de8","Global",11,false,false,"ok"
"00026e58","FUN_00026e58","Global",10,false,false,"ok"
"00026eb7","FUN_00026eb7","Global",11,false,false,"ok"
"00026fbd","FUN_00026fbd","Global",3,false,false,"ok"
"00026fc0","FUN_00026fc0","Global",1,false,false,"ok"
"00026fc1","FUN_00026fc1","Global",11,false,false,"ok"
"0002705b","FUN_0002705b","Global",11,false,false,"ok"
"000270eb","FUN_000270eb","Global",11,false,false,"ok"
"00027185","FUN_00027185","Global",11,false,false,"ok"
"00027215","FUN_00027215","Global",11,false,false,"ok"
"0002728f","FUN_0002728f","Global",11,false,false,"ok"
"00027312","FUN_00027312","Global",11,false,false,"ok"
"000273ac","FUN_000273ac","Global",11,false,false,"ok"
"0002744f","FUN_0002744f","Global",9,false,false,"ok"
"0002749b","FUN_0002749b","Global",9,false,false,"ok"
"000274e7","FUN_000274e7","Global",9,false,false,"ok"
"00027569","FUN_00027569","Global",9,false,false,"ok"
"000275b5","FUN_000275b5","Global",9,false,false,"ok"
"00027601","FUN_00027601","Global",9,false,false,"ok"
"0002764d","FUN_0002764d","Global",11,false,false,"ok"
"0002773c","FUN_0002773c","Global",11,false,false,"ok"
"000277cc","FUN_000277cc","Global",10,false,false,"ok"
"0002784f","FUN_0002784f","Global",11,false,false,"ok"
"000278f9","FUN_000278f9","Global",11,false,false,"ok"
"000279c3","FUN_000279c3","Global",10,false,false,"ok"
"00027a57","FUN_00027a57","Global",10,false,false,"ok"
"00027adc","FUN_00027adc","Global",10,false,false,"ok"
"00027b63","FUN_00027b63","Global",9,false,false,"ok"
"00027baf","FUN_00027baf","Global",45,false,false,"ok"
"00027c55","FUN_00027c55","Global",10,false,false,"ok"
"00027cd8","FUN_00027cd8","Global",10,false,false,"ok"
"00027d5f","FUN_00027d5f","Global",10,false,false,"ok"
"00027dc6","FUN_00027dc6","Global",11,false,false,"ok"
"00027e92","FUN_00027e92","Global",11,false,false,"ok"
"00027f67","FUN_00027f67","Global",11,false,false,"ok"
"0002800f","FUN_0002800f","Global",11,false,false,"ok"
"000280ca","FUN_000280ca","Global",11,false,false,"ok"
"00028165","FUN_00028165","Global",11,false,false,"ok"
"00028200","FUN_00028200","Global",10,false,false,"ok"
"00028267","FUN_00028267","Global",10,false,false,"ok"
"000282cf","FUN_000282cf","Global",10,false,false,"ok"
"00028336","FUN_00028336","Global",9,false,false,"ok"
"0002838a","FUN_0002838a","Global",10,false,false,"ok"
"000283f1","FUN_000283f1","Global",45,false,false,"ok"
"00028497","FUN_00028497","Global",10,false,false,"ok"
"000284ff","FUN_000284ff","Global",9,false,false,"ok"
"00028553","FUN_00028553","Global",10,false,false,"ok"
"000285bb","FUN_000285bb","Global",10,false,false,"ok"
"00028622","FUN_00028622","Global",9,false,false,"ok"
"0002868b","FUN_0002868b","Global",9,false,false,"ok"
"000286dd","FUN_000286dd","Global",10,false,false,"ok"
"00028745","FUN_00028745","Global",10,false,false,"ok"
"000287ac","FUN_000287ac","Global",10,false,false,"ok"
"00028849","FUN_00028849","Global",10,false,false,"ok"
"000288b1","FUN_000288b1","Global",9,false,false,"ok"
"00028905","FUN_00028905","Global",9,false,false,"ok"
"00028959","FUN_00028959","Global",9,false,false,"ok"
"000289c2","FUN_000289c2","Global",9,false,false,"ok"
"00028a16","FUN_00028a16","Global",9,false,false,"ok"
"00028a7f","FUN_00028a7f","Global",9,false,false,"ok"
"00028ae8","FUN_00028ae8","Global",11,false,false,"ok"
"00028b92","FUN_00028b92","Global",10,false,false,"ok"
"00028bf9","FUN_00028bf9","Global",10,false,false,"ok"
"00028c60","FUN_00028c60","Global",10,false,false,"ok"
"00028cc7","FUN_00028cc7","Global",10,false,false,"ok"
"00028d2e","FUN_00028d2e","Global",11,false,false,"ok"
"00028dbe","FUN_00028dbe","Global",10,false,false,"ok"
"00028e45","FUN_00028e45","Global",45,false,false,"ok"
"00028eeb","FUN_00028eeb","Global",11,false,false,"ok"
"00028f89","FUN_00028f89","Global",45,false,false,"ok"
"0002902f","FUN_0002902f","Global",11,false,false,"ok"
"000290bf","FUN_000290bf","Global",10,false,false,"ok"
"00029146","FUN_00029146","Global",11,false,false,"ok"
"00029210","FUN_00029210","Global",10,false,false,"ok"
"00029293","FUN_00029293","Global",10,false,false,"ok"
"0002931a","FUN_0002931a","Global",11,false,false,"ok"
"000293e4","FUN_000293e4","Global",10,false,false,"ok"
"00029467","FUN_00029467","Global",10,false,false,"ok"
"000294ee","FUN_000294ee","Global",9,false,false,"ok"
"0002953a","FUN_0002953a","Global",10,false,false,"ok"
"00029599","FUN_00029599","Global",10,false,false,"ok"
"000295f8","FUN_000295f8","Global",10,false,false,"ok"
"00029657","FUN_00029657","Global",10,false,false,"ok"
"000296b6","FUN_000296b6","Global",10,false,false,"ok"
"00029715","FUN_00029715","Global",10,false,false,"ok"
"00029774","FUN_00029774","Global",10,false,false,"ok"
"000297d9","FUN_000297d9","Global",10,false,false,"ok"
"00029838","FUN_00029838","Global",45,false,false,"ok"
"000298de","FUN_000298de","Global",11,false,false,"ok"
"0002999e","FUN_0002999e","Global",10,false,false,"ok"
"00029a05","FUN_00029a05","Global",11,false,false,"ok"
"00029a9b","FUN_00029a9b","Global",11,false,false,"ok"
"00029b35","FUN_00029b35","Global",11,false,false,"ok"
"00029ba5","FUN_00029ba5","Global",11,false,false,"ok"
"00029c15","FUN_00029c15","Global",10,false,false,"ok"
"00029c7c","FUN_00029c7c","Global",10,false,false,"ok"
"00029ce3","FUN_00029ce3","Global",6,false,false,"ok"
"00029d53","FUN_00029d53","Global",1,false,false,"ok"
"00029db2","FUN_00029db2","Global",10,false,false,"ok"
"00029e52","FUN_00029e52","Global",10,false,false,"ok"
"00029eb9","FUN_00029eb9","Global",10,false,false,"ok"
"00029f3a","FUN_00029f3a","Global",10,false,false,"ok"
"00029fbb","FUN_00029fbb","Global",11,false,false,"ok"
"0002a02b","FUN_0002a02b","Global",11,false,false,"ok"
"0002a09b","FUN_0002a09b","Global",11,false,false,"ok"
"0002a10c","FUN_0002a10c","Global",11,false,false,"ok"
"0002a17c","FUN_0002a17c","Global",11,false,false,"ok"
"0002a1ec","FUN_0002a1ec","Global",11,false,false,"ok"
"0002a25c","FUN_0002a25c","Global",11,false,false,"ok"
"0002a2cc","FUN_0002a2cc","Global",11,false,false,"ok"
"0002a33c","FUN_0002a33c","Global",11,false,false,"ok"
"0002a3ad","FUN_0002a3ad","Global",11,false,false,"ok"
"0002a41e","FUN_0002a41e","Global",11,false,false,"ok"
"0002a48e","FUN_0002a48e","Global",11,false,false,"ok"
"0002a4fe","FUN_0002a4fe","Global",10,false,false,"ok"
"0002a565","FUN_0002a565","Global",10,false,false,"ok"
"0002a5cc","FUN_0002a5cc","Global",11,false,false,"ok"
"0002a65c","FUN_0002a65c","Global",11,false,false,"ok"
"0002a6cc","FUN_0002a6cc","Global",10,false,false,"ok"
"0002a767","FUN_0002a767","Global",11,false,false,"ok"
"0002a7e1","FUN_0002a7e1","Global",11,false,false,"ok"
"0002a851","FUN_0002a851","Global",10,false,false,"ok"
"0002a8b8","FUN_0002a8b8","Global",9,false,false,"ok"
"0002a941","FUN_0002a941","Global",10,false,false,"ok"
"0002a9a8","FUN_0002a9a8","Global",11,false,false,"ok"
"0002aa22","FUN_0002aa22","Global",11,false,false,"ok"
"0002aa92","FUN_0002aa92","Global",11,false,false,"ok"
"0002ab02","FUN_0002ab02","Global",10,false,false,"ok"
"0002ab69","FUN_0002ab69","Global",11,false,false,"ok"
"0002abe3","FUN_0002abe3","Global",11,false,false,"ok"
"0002ac53","FUN_0002ac53","Global",11,false,false,"ok"
"0002acc3","FUN_0002acc3","Global",10,false,false,"ok"
"0002ad2a","FUN_0002ad2a","Global",11,false,false,"ok"
"0002ae00","FUN_0002ae00","Global",10,false,false,"ok"
"0002ae67","FUN_0002ae67","Global",11,false,false,"ok"
"0002aefe","FUN_0002aefe","Global",11,false,false,"ok"
"0002af95","FUN_0002af95","Global",11,false,false,"ok"
"0002b02f","FUN_0002b02f","Global",11,false,false,"ok"
"0002b116","FUN_0002b116","Global",11,false,false,"ok"
"0002b186","FUN_0002b186","Global",11,false,false,"ok"
"0002b229","FUN_0002b229","Global",11,false,false,"ok"
"0002b343","FUN_0002b343","Global",45,false,false,"ok"
"0002b3e9","FUN_0002b3e9","Global",11,false,false,"ok"
"0002b4a2","FUN_0002b4a2","Global",11,false,false,"ok"
"0002b564","FUN_0002b564","Global",11,false,false,"ok"
"0002b638","FUN_0002b638","Global",45,false,false,"ok"
"0002b6de","FUN_0002b6de","Global",45,false,false,"ok"
"0002b784","FUN_0002b784","Global",11,false,false,"ok"
"0002b814","FUN_0002b814","Global",9,false,false,"ok"
"0002bf38","FUN_0002bf38","Global",9,false,false,"ok"
"0002c26e","FUN_0002c26e","Global",16,false,false,"ok"
"0002c27e","FUN_0002c27e","Global",21,false,false,"ok"
"0002c293","FUN_0002c293","Global",11,false,false,"ok"
"0002c379","FUN_0002c379","Global",44,false,false,"ok"
"0002c3a5","FUN_0002c3a5","Global",88,false,false,"ok"
"0002c3fd","FUN_0002c3fd","Global",9,false,false,"ok"
"0002c462","FUN_0002c462","Global",10,false,false,"ok"
"0002c50c","FUN_0002c50c","Global",33,false,false,"ok"
"0002c52d","FUN_0002c52d","Global",47,false,false,"ok"
"0002c55c","FUN_0002c55c","Global",9,false,false,"ok"
"0002c5f3","FUN_0002c5f3","Global",10,false,false,"ok"
"0002c6ad","FUN_0002c6ad","Global",11,false,false,"ok"
"0002c76b","FUN_0002c76b","Global",11,false,false,"ok"
"0002c836","FUN_0002c836","Global",11,false,false,"ok"
"0002c8f4","FUN_0002c8f4","Global",10,false,false,"ok"
"0002c982","FUN_0002c982","Global",11,false,false,"ok"
"0002ca81","FUN_0002ca81","Global",10,false,false,"ok"
"0002cb0f","FUN_0002cb0f","Global",11,false,false,"ok"
"0002cc0e","FUN_0002cc0e","Global",10,false,false,"ok"
"0002cc6d","FUN_0002cc6d","Global",10,false,false,"ok"
"0002ccd4","FUN_0002ccd4","Global",10,false,false,"ok"
"0002cd3b","FUN_0002cd3b","Global",10,false,false,"ok"
"0002cda2","FUN_0002cda2","Global",10,false,false,"ok"
"0002ce5c","FUN_0002ce5c","Global",10,false,false,"ok"
"0002cec3","FUN_0002cec3","Global",10,false,false,"ok"
"0002cf2a","FUN_0002cf2a","Global",11,false,false,"ok"
"0002cf9a","FUN_0002cf9a","Global",11,false,false,"ok"
"0002d00a","FUN_0002d00a","Global",10,false,false,"ok"
"0002d071","FUN_0002d071","Global",10,false,false,"ok"
"0002d0d8","FUN_0002d0d8","Global",11,false,false,"ok"
"0002d19b","FUN_0002d19b","Global",11,false,false,"ok"
"0002d262","FUN_0002d262","Global",11,false,false,"ok"
"0002d329","FUN_0002d329","Global",11,false,false,"ok"
"0002d3c0","FUN_0002d3c0","Global",11,false,false,"ok"
"0002d4c6","FUN_0002d4c6","Global",11,false,false,"ok"
"0002d55d","FUN_0002d55d","Global",11,false,false,"ok"
"0002d663","FUN_0002d663","Global",11,false,false,"ok"
"0002d6cb","FUN_0002d6cb","Global",11,false,false,"ok"
"0002d73b","FUN_0002d73b","Global",11,false,false,"ok"
"0002d7ab","FUN_0002d7ab","Global",11,false,false,"ok"
"0002d81b","FUN_0002d81b","Global",11,false,false,"ok"
"0002d8de","FUN_0002d8de","Global",11,false,false,"ok"
"0002d94e","FUN_0002d94e","Global",11,false,false,"ok"
"0002d9be","FUN_0002d9be","Global",11,false,false,"ok"
"0002da8d","FUN_0002da8d","Global",11,false,false,"ok"
"0002db65","FUN_0002db65","Global",71,false,false,"ok"
"0002dc5c","FUN_0002dc5c","Global",74,false,false,"ok"
"0002dd5c","FUN_0002dd5c","Global",10,false,false,"ok"
"0002ddc4","FUN_0002ddc4","Global",3,false,false,"ok"
"0002ddc7","FUN_0002ddc7","Global",1,false,false,"ok"
"0002ddc8","FUN_0002ddc8","Global",11,false,false,"ok"
"0002deae","FUN_0002deae","Global",10,false,false,"ok"
"0002df15","FUN_0002df15","Global",10,false,false,"ok"
"0002dfa3","FUN_0002dfa3","Global",10,false,false,"ok"
"0002e031","FUN_0002e031","Global",11,false,false,"ok"
"0002e130","FUN_0002e130","Global",5,false,false,"ok"
"0002e1a4","FUN_0002e1a4","Global",11,false,false,"ok"
"0002e23d","FUN_0002e23d","Global",10,false,false,"ok"
"0002e2d8","FUN_0002e2d8","Global",10,false,false,"ok"
"0002e364","FUN_0002e364","Global",11,false,false,"ok"
"0002e3d4","FUN_0002e3d4","Global",11,false,false,"ok"
"0002e444","FUN_0002e444","Global",10,false,false,"ok"
"0002e4a3","FUN_0002e4a3","Global",10,false,false,"ok"
"0002e517","FUN_0002e517","Global",11,false,false,"ok"
"0002e5b0","FUN_0002e5b0","Global",10,false,false,"ok"
"0002e624","FUN_0002e624","Global",11,false,false,"ok"
"0002e6bd","FUN_0002e6bd","Global",11,false,false,"ok"
"0002e737","FUN_0002e737","Global",10,false,false,"ok"
"0002e796","FUN_0002e796","Global",10,false,false,"ok"
"0002e7f5","FUN_0002e7f5","Global",10,false,false,"ok"
"0002e854","FUN_0002e854","Global",10,false,false,"ok"
"0002e8b3","FUN_0002e8b3","Global",11,false,false,"ok"
"0002e923","FUN_0002e923","Global",10,false,false,"ok"
"0002e982","FUN_0002e982","Global",11,false,false,"ok"
"0002e9f2","FUN_0002e9f2","Global",10,false,false,"ok"
"0002ea51","FUN_0002ea51","Global",10,false,false,"ok"
"0002eab0","FUN_0002eab0","Global",11,false,false,"ok"
"0002eb20","FUN_0002eb20","Global",11,false,false,"ok"
"0002eb90","FUN_0002eb90","Global",10,false,false,"ok"
"0002ebef","FUN_0002ebef","Global",11,false,false,"ok"
"0002ec5f","FUN_0002ec5f","Global",10,false,false,"ok"
"0002ecbe","FUN_0002ecbe","Global",11,false,false,"ok"
"0002ed38","FUN_0002ed38","Global",10,false,false,"ok"
"0002ed9f","FUN_0002ed9f","Global",11,false,false,"ok"
"0002ee0f","FUN_0002ee0f","Global",11,false,false,"ok"
"0002eee0","FUN_0002eee0","Global",11,false,false,"ok"
"0002ef50","FUN_0002ef50","Global",10,false,false,"ok"
"0002efb7","FUN_0002efb7","Global",11,false,false,"ok"
"0002f043","FUN_0002f043","Global",10,false,false,"ok"
"0002f0a2","FUN_0002f0a2","Global",10,false,false,"ok"
"0002f101","FUN_0002f101","Global",9,false,false,"ok"
"0002f1a7","FUN_0002f1a7","Global",10,false,false,"ok"
"0002f206","FUN_0002f206","Global",10,false,false,"ok"
"0002f265","FUN_0002f265","Global",11,false,false,"ok"
"0002f364","FUN_0002f364","Global",11,false,false,"ok"
"0002f406","FUN_0002f406","Global",11,false,false,"ok"
"0002f480","FUN_0002f480","Global",11,false,false,"ok"
"0002f54a","FUN_0002f54a","Global",11,false,false,"ok"
"0002f5bb","FUN_0002f5bb","Global",11,false,false,"ok"
"0002f62b","FUN_0002f62b","Global",10,false,false,"ok"
"0002f692","FUN_0002f692","Global",11,false,false,"ok"
"0002f702","FUN_0002f702","Global",10,false,false,"ok"
"0002f761","FUN_0002f761","Global",11,false,false,"ok"
"0002f7d1","FUN_0002f7d1","Global",10,false,false,"ok"
"0002f830","FUN_0002f830","Global",10,false,false,"ok"
"0002f8be","FUN_0002f8be","Global",11,false,false,"ok"
"0002f9bd","FUN_0002f9bd","Global",11,false,false,"ok"
"0002fa37","FUN_0002fa37","Global",11,false,false,"ok"
"0002fb07","FUN_0002fb07","Global",10,false,false,"ok"
"0002fb6e","FUN_0002fb6e","Global",11,false,false,"ok"
"0002fbfe","FUN_0002fbfe","Global",11,false,false,"ok"
"0002fc78","FUN_0002fc78","Global",10,false,false,"ok"
"0002fcd7","FUN_0002fcd7","Global",10,false,false,"ok"
"0002fd36","FUN_0002fd36","Global",11,false,false,"ok"
"0002fdda","FUN_0002fdda","Global",56,false,false,"ok"
"0002ff73","FUN_0002ff73","Global",11,false,false,"ok"
"0003007f","FUN_0003007f","Global",11,false,false,"ok"
"000300ef","FUN_000300ef","Global",11,false,false,"ok"
"0003015f","FUN_0003015f","Global",11,false,false,"ok"
"000301cf","FUN_000301cf","Global",11,false,false,"ok"
"00030278","FUN_00030278","Global",11,false,false,"ok"
"000302e8","FUN_000302e8","Global",11,false,false,"ok"
"00030372","FUN_00030372","Global",11,false,false,"ok"
"000303fc","FUN_000303fc","Global",11,false,false,"ok"
"00030476","FUN_00030476","Global",11,false,false,"ok"
"000304f0","FUN_000304f0","Global",11,false,false,"ok"
"0003056b","FUN_0003056b","Global",11,false,false,"ok"
"000305e5","FUN_000305e5","Global",11,false,false,"ok"
"0003065f","FUN_0003065f","Global",11,false,false,"ok"
"000306d9","FUN_000306d9","Global",11,false,false,"ok"
"00030753","FUN_00030753","Global",11,false,false,"ok"
"000307cd","FUN_000307cd","Global",11,false,false,"ok"
"00030848","FUN_00030848","Global",11,false,false,"ok"
"000308c3","FUN_000308c3","Global",11,false,false,"ok"
"00030933","FUN_00030933","Global",11,false,false,"ok"
"000309a3","FUN_000309a3","Global",11,false,false,"ok"
"00030a3d","FUN_00030a3d","Global",11,false,false,"ok"
"00030ab7","FUN_00030ab7","Global",11,false,false,"ok"
"00030b5b","FUN_00030b5b","Global",11,false,false,"ok"
"00030bde","FUN_00030bde","Global",11,false,false,"ok"
"00030c78","FUN_00030c78","Global",11,false,false,"ok"
"00030d04","FUN_00030d04","Global",11,false,false,"ok"
"00030db8","FUN_00030db8","Global",11,false,false,"ok"
"00030e8b","FUN_00030e8b","Global",11,false,false,"ok"
"00030f28","FUN_00030f28","Global",11,false,false,"ok"
"00030fb6","FUN_00030fb6","Global",11,false,false,"ok"
"00031046","FUN_00031046","Global",10,false,false,"ok"
"000310a5","FUN_000310a5","Global",48,false,false,"ok"
"00031154","FUN_00031154","Global",11,false,false,"ok"
"000311e0","FUN_000311e0","Global",11,false,false,"ok"
"00031291","FUN_00031291","Global",11,false,false,"ok"
"0003130b","FUN_0003130b","Global",10,false,false,"ok"
"0003136a","FUN_0003136a","Global",10,false,false,"ok"
"000313c9","FUN_000313c9","Global",10,false,false,"ok"
"00031430","FUN_00031430","Global",11,false,false,"ok"
"000314a1","FUN_000314a1","Global",11,false,false,"ok"
"00031538","FUN_00031538","Global",11,false,false,"ok"
"0003164d","FUN_0003164d","Global",11,false,false,"ok"
"000316be","FUN_000316be","Global",10,false,false,"ok"
"0003171d","FUN_0003171d","Global",50,false,false,"ok"
"00031805","FUN_00031805","Global",10,false,false,"ok"
"00031864","FUN_00031864","Global",11,false,false,"ok"
"000318d4","FUN_000318d4","Global",11,false,false,"ok"
"00031945","FUN_00031945","Global",10,false,false,"ok"
"000319e0","FUN_000319e0","Global",10,false,false,"ok"
"00031a47","FUN_00031a47","Global",11,false,false,"ok"
"00031b12","FUN_00031b12","Global",10,false,false,"ok"
"00031b79","FUN_00031b79","Global",10,false,false,"ok"
"00031c14","FUN_00031c14","Global",11,false,false,"ok"
"00031c8e","FUN_00031c8e","Global",11,false,false,"ok"
"00031d09","FUN_00031d09","Global",11,false,false,"ok"
"00031dbe","FUN_00031dbe","Global",11,false,false,"ok"
"00031e2e","FUN_00031e2e","Global",11,false,false,"ok"
"00031e9f","FUN_00031e9f","Global",10,false,false,"ok"
"00031f2d","FUN_00031f2d","Global",11,false,false,"ok"
"00031fc7","FUN_00031fc7","Global",10,false,false,"ok"
"0003202e","FUN_0003202e","Global",11,false,false,"ok"
"0003212d","FUN_0003212d","Global",11,false,false,"ok"
"0003222c","FUN_0003222c","Global",10,false,false,"ok"
"0003228b","FUN_0003228b","Global",11,false,false,"ok"
"000322fc","FUN_000322fc","Global",10,false,false,"ok"
"0003235b","FUN_0003235b","Global",10,false,false,"ok"
"000323ba","FUN_000323ba","Global",10,false,false,"ok"
"00032419","FUN_00032419","Global",10,false,false,"ok"
"00032478","FUN_00032478","Global",10,false,false,"ok"
"000324dd","FUN_000324dd","Global",10,false,false,"ok"
"00032542","FUN_00032542","Global",11,false,false,"ok"
"000325b2","FUN_000325b2","Global",11,false,false,"ok"
"00032622","FUN_00032622","Global",11,false,false,"ok"
"000326ec","FUN_000326ec","Global",11,false,false,"ok"
"000327b6","FUN_000327b6","Global",10,false,false,"ok"
"0003281d","FUN_0003281d","Global",11,false,false,"ok"
"0003288d","FUN_0003288d","Global",10,false,false,"ok"
"000328f4","FUN_000328f4","Global",10,false,false,"ok"
"0003295b","FUN_0003295b","Global",10,false,false,"ok"
"000329c2","FUN_000329c2","Global",11,false,false,"ok"
"00032a32","FUN_00032a32","Global",10,false,false,"ok"
"00032a91","FUN_00032a91","Global",11,false,false,"ok"
"00032b02","FUN_00032b02","Global",10,false,false,"ok"
"00032b6a","FUN_00032b6a","Global",11,false,false,"ok"
"00032bdb","FUN_00032bdb","Global",11,false,false,"ok"
"00032c55","FUN_00032c55","Global",11,false,false,"ok"
"00032ccf","FUN_00032ccf","Global",11,false,false,"ok"
"00032d69","FUN_00032d69","Global",10,false,false,"ok"
"00032dd0","FUN_00032dd0","Global",11,false,false,"ok"
"00032e76","FUN_00032e76","Global",3,false,false,"ok"
"00032e79","FUN_00032e79","Global",1,false,false,"ok"
"00032e7a","FUN_00032e7a","Global",4,false,false,"ok"
"00032e7e","FUN_00032e7e","Global",69,false,false,"ok"
"00032ec4","FUN_00032ec4","Global",16,false,false,"ok"
"00032f5a","FUN_00032f5a","Global",18,false,false,"ok"
"00032fa0","FUN_00032fa0","Global",10,false,false,"ok"
"00033040","FUN_00033040","Global",1,false,false,"ok"
"00033042","FUN_00033042","Global",1,false,false,"ok"
"00033044","FUN_00033044","Global",3,false,false,"ok"
"00033048","FUN_00033048","Global",9,false,false,"ok"
"0003306c","FUN_0003306c","Global",9,false,false,"ok"
"00033090","FUN_00033090","Global",9,false,false,"ok"
"000330bc","FUN_000330bc","Global",13,false,false,"ok"
"000330ec","FUN_000330ec","Global",31,false,false,"ok"
"0003310b","FUN_0003310b","Global",9,false,false,"ok"
"0003314e","FUN_0003314e","Global",9,false,false,"ok"
"000331a2","FUN_000331a2","Global",9,false,false,"ok"
"000331c6","FUN_000331c6","Global",9,false,false,"ok"
"000331ea","FUN_000331ea","Global",9,false,false,"ok"
"0003322a","FUN_0003322a","Global",9,false,false,"ok"
"00033269","FUN_00033269","Global",203,false,false,"ok"
"000333b8","FUN_000333b8","Global",83,false,false,"ok"
"00033424","FUN_00033424","Global",18,false,false,"ok"
"0003348e","FUN_0003348e","Global",93,false,false,"ok"
"000334ec","FUN_000334ec","Global",1,false,false,"ok"
"000334ed","FUN_000334ed","Global",6,false,false,"ok"
"000334f4","FUN_000334f4","Global",13,false,false,"ok"
"00033542","FUN_00033542","Global",13,false,false,"ok"
"00033572","FUN_00033572","Global",13,false,false,"ok"
"00033580","FUN_00033580","Global",13,false,false,"ok"
"000335ba","FUN_000335ba","Global",13,false,false,"ok"
"000335ea","FUN_000335ea","Global",10,false,false,"ok"
"000335f4","FUN_000335f4","Global",15,false,false,"ok"
"00033691","FUN_00033691","Global",828,false,false,"ok"
"00033a7b","FUN_00033a7b","Global",517,false,false,"ok"
"00033cf9","FUN_00033cf9","Global",518,false,false,"ok"
"00033f78","FUN_00033f78","Global",520,false,false,"ok"
"000341f9","FUN_000341f9","Global",582,false,false,"ok"
"000344bb","FUN_000344bb","Global",646,false,false,"ok"
"000347bd","FUN_000347bd","Global",761,false,false,"ok"
"00034b32","FUN_00034b32","Global",555,false,false,"ok"
"00034dd9","FUN_00034dd9","Global",601,false,false,"ok"
"00035088","FUN_00035088","Global",645,false,false,"ok"
"00035363","FUN_00035363","Global",690,false,false,"ok"
"00035691","FUN_00035691","Global",678,false,false,"ok"
"0003598a","FUN_0003598a","Global",688,false,false,"ok"
"00035c8d","FUN_00035c8d","Global",597,false,false,"ok"
"00035f5e","FUN_00035f5e","Global",583,false,false,"ok"
"00036221","FUN_00036221","Global",646,false,false,"ok"
"00036523","FUN_00036523","Global",644,false,false,"ok"
"00036824","FUN_00036824","Global",95,false,false,"ok"
"00036910","FUN_00036910","Global",1465,false,false,"ok"
"00037099","__to_chars_len<unsigned_int>","std::__detail",86,false,false,"ok"
"000370ef","__to_chars_10_impl<unsigned_int>","std::__detail",139,false,false,"ok"
"0003717a","__to_xstring<std::__cxx11::string,char>","__gnu_cxx",120,false,false,"ok"
"000371f2","_M_construct","std::__cxx11::string",89,false,false,"ok"
"0003724c","FUN_0003724c","Global",187,false,false,"ok"
"0003733c","FUN_0003733c","Global",7,false,false,"ok"
"00037344","FUN_00037344","Global",7,false,false,"ok"
"0003734c","FUN_0003734c","Global",7,false,false,"ok"
"00037354","FUN_00037354","Global",7,false,false,"ok"
"0003735c","FUN_0003735c","Global",7,false,false,"ok"
"00037364","FUN_00037364","Global",7,false,false,"ok"
"0003736c","FUN_0003736c","Global",7,false,false,"ok"
"00037374","FUN_00037374","Global",7,false,false,"ok"
"0003737c","FUN_0003737c","Global",18,false,false,"ok"
"0003738e","FUN_0003738e","Global",25,false,false,"ok"
"000373a8","FUN_000373a8","Global",13,false,false,"ok"
"000373b6","FUN_000373b6","Global",7,false,false,"ok"
"000373be","FUN_000373be","Global",25,false,false,"ok"
"000373d8","FUN_000373d8","Global",25,false,false,"ok"
"000373f2","FUN_000373f2","Global",7,false,false,"ok"
"0003741a","FUN_0003741a","Global",7,false,false,"ok"
"00037422","FUN_00037422","Global",7,false,false,"ok"
"0003743a","FUN_0003743a","Global",7,false,false,"ok"
"00037442","FUN_00037442","Global",7,false,false,"ok"
"0003744a","FUN_0003744a","Global",7,false,false,"ok"
"0003745a","FUN_0003745a","Global",34,false,false,"ok"
"0003747c","FUN_0003747c","Global",13,false,false,"ok"
"000374d0","FUN_000374d0","Global",11,false,false,"ok"
"00037554","FUN_00037554","Global",14,false,false,"ok"
"00037562","FUN_00037562","Global",9,false,false,"ok"
"00037598","FUN_00037598","Global",15,false,false,"ok"
"000375a8","FUN_000375a8","Global",13,false,false,"ok"
"000375b6","FUN_000375b6","Global",12,false,false,"ok"
"000375c2","FUN_000375c2","Global",46,false,false,"ok"
"000375f0","FUN_000375f0","Global",25,false,false,"ok"
"0003760a","FUN_0003760a","Global",27,false,false,"ok"
"00037626","FUN_00037626","Global",82,false,false,"ok"
"00037678","FUN_00037678","Global",18,false,false,"ok"
"0003768a","FUN_0003768a","Global",209,false,false,"ok"
"0003775c","FUN_0003775c","Global",80,false,false,"ok"
"000377ac","FUN_000377ac","Global",205,false,false,"ok"
"0003787a","FUN_0003787a","Global",11,false,false,"ok"
"0003791c","FUN_0003791c","Global",149,false,false,"ok"
"000379b2","FUN_000379b2","Global",25,false,false,"ok"
"000379cc","FUN_000379cc","Global",44,false,false,"ok"
"000379f8","FUN_000379f8","Global",63,false,false,"ok"
"00037a38","FUN_00037a38","Global",171,false,false,"ok"
"00037ae4","FUN_00037ae4","Global",38,false,false,"ok"
"00037b0a","FUN_00037b0a","Global",195,false,false,"ok"
"00037bce","FUN_00037bce","Global",96,false,false,"ok"
"00037c2e","FUN_00037c2e","Global",48,false,false,"ok"
"00037c5e","FUN_00037c5e","Global",9,false,false,"ok"
"00037c9c","FUN_00037c9c","Global",13,false,false,"ok"
"00037d46","FUN_00037d46","Global",11,false,false,"ok"
"00037d92","FUN_00037d92","Global",14,false,false,"ok"
"00037da0","FUN_00037da0","Global",13,false,false,"ok"
"00037dae","FUN_00037dae","Global",11,false,false,"ok"
"00037e0c","FUN_00037e0c","Global",40,false,false,"ok"
"00037e34","FUN_00037e34","Global",3,false,false,"ok"
"00037e38","FUN_00037e38","Global",59,false,false,"ok"
"00037e73","FUN_00037e73","Global",34,false,false,"ok"
"00037e95","FUN_00037e95","Global",34,false,false,"ok"
"00037eb7","FUN_00037eb7","Global",34,false,false,"ok"
"00037ed9","FUN_00037ed9","Global",33,false,false,"ok"
"00037efa","FUN_00037efa","Global",25,false,false,"ok"
"00037f13","FUN_00037f13","Global",12,false,false,"ok"
"00037f76","FUN_00037f76","Global",67,false,false,"ok"
"00037fb9","FUN_00037fb9","Global",54,false,false,"ok"
"00037fef","FUN_00037fef","Global",629,false,false,"ok"
"00038264","FUN_00038264","Global",20,false,false,"ok"
"00038278","FUN_00038278","Global",66,false,false,"ok"
"000382ba","FUN_000382ba","Global",29,false,false,"ok"
"000382d7","FUN_000382d7","Global",12,false,false,"ok"
"0003840b","FUN_0003840b","Global",13,false,false,"ok"
"000385fc","FUN_000385fc","Global",12,false,false,"ok"
"00038655","FUN_00038655","Global",104,false,false,"ok"
"000386bd","FUN_000386bd","Global",99,false,false,"ok"
"00038720","FUN_00038720","Global",57,false,false,"ok"
"00050000","_M_replace_cold","<EXTERNAL>::std::__cxx11::string",1,false,true,"ok"
"00050004","putchar","<EXTERNAL>",1,false,true,"ok"
"00050008","clock_gettime","<EXTERNAL>",1,false,true,"ok"
"0005000c","operator.new[]","<EXTERNAL>",1,false,true,"ok"
"00050010","operator<<","<EXTERNAL>::std",1,false,true,"ok"
"00050018","__cxa_rethrow","<EXTERNAL>",1,false,true,"ok"
"0005001c","__strcpy_chk","<EXTERNAL>",1,false,true,"ok"
"00050020","sysconf","<EXTERNAL>",1,false,true,"ok"
"00050024","~future_error","<EXTERNAL>::std::future_error",1,false,true,"ok"
"00050028","__throw_future_error","<EXTERNAL>::std",1,false,true,"ok"
"0005002c","strerror","<EXTERNAL>",1,false,true,"ok"
"00050030","memmove","<EXTERNAL>",1,false,true,"ok"
"00050034","munmap","<EXTERNAL>",1,false,true,"ok"
"00050038","ios_base_library_init","<EXTERNAL>::std",1,false,true,"ok"
"0005003c","getenv","<EXTERNAL>",1,false,true,"ok"
"00050040","bsearch","<EXTERNAL>",1,false,true,"ok"
"00050044","memcpy","<EXTERNAL>",1,false,true,"ok"
"00050048","pthread_cancel","<EXTERNAL>",1,false,true,"ok"
"0005004c","puts","<EXTERNAL>",1,false,true,"ok"
"00050054","malloc","<EXTERNAL>",1,false,true,"ok"
"00050058","__isoc23_strtol","<EXTERNAL>",1,false,true,"ok"
"0005005c","wait","<EXTERNAL>::std::condition_variable",1,false,true,"ok"
"00050064","__throw_bad_alloc","<EXTERNAL>::std",1,false,true,"ok"
"00050068","dladdr","<EXTERNAL>",1,false,true,"ok"
"00050070","mmap","<EXTERNAL>",1,false,true,"ok"
"00050074","__throw_length_error","<EXTERNAL>::std",1,false,true,"ok"
"00050078","_Result_base","<EXTERNAL>::std::__future_base::_Result_base",1,false,true,"ok"
"0005007c","__cxa_end_catch","<EXTERNAL>",1,false,true,"ok"
"00050080","notify_one","<EXTERNAL>::std::condition_variable",1,false,true,"ok"
"00050084","terminate","<EXTERNAL>::std",1,false,true,"ok"
"00050088","hardware_concurrency","<EXTERNAL>::std::thread",1,false,true,"ok"
"0005008c","generic_category","<EXTERNAL>::std::_V2",1,false,true,"ok"
"00050090","nanosleep","<EXTERNAL>",1,false,true,"ok"
"0005009c","calloc","<EXTERNAL>",1,false,true,"ok"
"000500a4","atof","<EXTERNAL>",1,false,true,"ok"
"000500a8","operator.delete","<EXTERNAL>",1,false,true,"ok"
"000500ac","operator<<","<EXTERNAL>::std::ostream",1,false,true,"ok"
"000500b0","__cxa_init_primary_exception","<EXTERNAL>",1,false,true,"ok"
"000500b4","pthread_once","<EXTERNAL>",1,false,true,"ok"
"000500b8","_Unwind_Resume","<EXTERNAL>",1,false,true,"ok"
"000500bc","operator<<","<EXTERNAL>::std::ostream",1,false,true,"ok"
"000500c0","logic_error","<EXTERNAL>::std::logic_error",1,false,true,"ok"
"000500c4","join","<EXTERNAL>::std::thread",1,false,true,"ok"
"000500c8","operator<<","<EXTERNAL>::std::ostream",1,false,true,"ok"
"000500cc","dlopen","<EXTERNAL>",1,false,true,"ok"
"000500d4","strncpy","<EXTERNAL>",1,false,true,"ok"
"000500d8","__cxa_throw_bad_array_new_length","<EXTERNAL>",1,false,true,"ok"
"000500dc","__throw_bad_array_new_length","<EXTERNAL>::std",1,false,true,"ok"
"000500e0","realloc","<EXTERNAL>",1,false,true,"ok"
"000500e4","__cxa_atexit","<EXTERNAL>",1,false,true,"ok"
"000500e8","_M_need_rehash","<EXTERNAL>::std::__detail::_Prime_rehash_policy",1,false,true,"ok"
"000500ec","memcmp","<EXTERNAL>",1,false,true,"ok"
"000500f0","__vprintf_chk","<EXTERNAL>",1,false,true,"ok"
"000500f4","dlsym","<EXTERNAL>",1,false,true,"ok"
"000500f8","__throw_logic_error","<EXTERNAL>::std",1,false,true,"ok"
"00050100","__snprintf_chk","<EXTERNAL>",1,false,true,"ok"
"00050104","__throw_bad_function_call","<EXTERNAL>::std",1,false,true,"ok"
"00050108","operator.delete[]","<EXTERNAL>",1,false,true,"ok"
"0005010c","__memcpy_chk","<EXTERNAL>",1,false,true,"ok"
"00050110","future_category","<EXTERNAL>::std",1,false,true,"ok"
"00050114","__assert_fail","<EXTERNAL>",1,false,true,"ok"
"00050118","strcmp","<EXTERNAL>",1,false,true,"ok"
"0005011c","pthread_mutex_unlock","<EXTERNAL>",1,false,true,"ok"
"00050120","~condition_variable","<EXTERNAL>::std::condition_variable",1,false,true,"ok"
"00050128","_M_futex_notify_all","<EXTERNAL>::std::__atomic_futex_unsigned_base",1,false,true,"ok"
"00050138","~_Result_base","<EXTERNAL>::std::__future_base::_Result_base",1,false,true,"ok"
"0005013c","pthread_self","<EXTERNAL>",1,false,true,"ok"
"00050140","__cxa_begin_catch","<EXTERNAL>",1,false,true,"ok"
"00050144","detach","<EXTERNAL>::std::thread",1,false,true,"ok"
"00050148","__cxa_allocate_exception","<EXTERNAL>",1,false,true,"ok"
"0005014c","endl<char,std::char_traits<char>>","<EXTERNAL>::std",1,false,true,"ok"
"00050150","pthread_mutex_lock","<EXTERNAL>",1,false,true,"ok"
"00050154","__divmoddi4","<EXTERNAL>",1,false,true,"ok"
"0005015c","~_State","<EXTERNAL>::std::thread::_State",1,false,true,"ok"
"00050160","operator.new","<EXTERNAL>",1,false,true,"ok"
"00050164","__errno_location","<EXTERNAL>",1,false,true,"ok"
"0005016c","atoi","<EXTERNAL>",1,false,true,"ok"
"00050170","__vsnprintf_chk","<EXTERNAL>",1,false,true,"ok"
"00050174","_M_release","<EXTERNAL>::std::__exception_ptr::exception_ptr",1,false,true,"ok"
"00050178","___tls_get_addr","<EXTERNAL>",1,false,true,"ok"
"0005017c","strlen","<EXTERNAL>",1,false,true,"ok"
"00050180","exception_ptr","<EXTERNAL>::std::__exception_ptr::exception_ptr",1,false,true,"ok"
"00050184","condition_variable","<EXTERNAL>::std::condition_variable",1,false,true,"ok"
"00050188","mprotect","<EXTERNAL>",1,false,true,"ok"
"0005018c","logic_error","<EXTERNAL>::std::logic_error",1,false,true,"ok"
"00050190","current_exception","<EXTERNAL>::std",1,false,true,"ok"
"00050194","__throw_system_error","<EXTERNAL>::std",1,false,true,"ok"
"00050198","_M_start_thread","<EXTERNAL>::std::thread",1,false,true,"ok"
"0005019c","free","<EXTERNAL>",1,false,true,"ok"
